timestamp,recruiter,age,gender,race,year,residency,transfer,grad,job,housing,aid,grants,family,honors,greek,orgs,declared,majors,major1,major2,college1,college2,phone,bday,code,car,mode,permit,classdays,otherdays,walk,bus,interest,flex,price
2026-09-18 08:37:32.454,,19,Prefer not to answer,Asian,2nd Year,In-state,No,2028,Employed part-time,On-campus residence hall or university housing,HOPE or Zell Miller Scholarship,All (100%),None (0%),No,No,1,Intended (I've chosen my major(s) but haven't officially declared yet),Single major,Accounting - BBA,,Terry,,93,7,9307,Yes,Walk,Yes,"Monday, Tuesday, Wednesday, Thursday, Friday",I typically do not come to campus outside of class,More than 20 minutes,Never,5,I’m not interested in flexible parking,I am only interested in the standard full-week permit
2026-09-18 08:38:15.766,,19,Male,White,2nd Year,In-state,No,2029,Employed part-time,Off-campus apartment or house,HOPE or Zell Miller Scholarship,Most or nearly all (76–99%),About one-quarter to one-half (26–50%),No,No,4 or more,Declared (I've officially declared my major(s)),Single major,Marketing - BBA,,Terry,,15,11,1511,Yes,Walk,Yes,"Monday, Tuesday, Wednesday, Thursday, Friday","Monday, Thursday",11-15 minutes,Daily,5,Monday/Wednesday/Friday,25% of standard price
2026-09-18 08:38:39.375,,19,Female,White,2nd Year,In-state,No,2029,Employed part-time,Off-campus apartment or house,HOPE or Zell Miller Scholarship,Most or nearly all (76–99%),About one-quarter to one-half (26–50%),No,No,3,Intended (I've chosen my major(s) but haven't officially declared yet),Single major,Accounting - BBA,,Terry,,79,20,7920,Yes,UGA Bus,Yes,"Monday, Tuesday, Wednesday, Thursday, Friday",Wednesday,More than 20 minutes,Daily,4,Either option would work for me,50% of standard price
2026-09-18 08:38:51.011,,19,Male,White,2nd Year,In-state,Yes,2029,Prefer not to answer,Prefer not to answer,HOPE or Zell Miller Scholarship,More than half (51–75%),More than half (51–75%),No,No,2,Intended (I've chosen my major(s) but haven't officially declared yet),Single major,Accounting - BBA,,Terry,,19,26,1926,Yes,UGA Bus,Yes,"Monday, Tuesday, Wednesday, Thursday, Friday",I typically do not come to campus outside of class,More than 20 minutes,Daily,2,Tuesday/Thursday,50% of standard price
2026-09-18 08:39:11.496,,20,Male,White,2nd Year,In-state,Yes,2029,Employed part-time,Off-campus apartment or house,HOPE or Zell Miller Scholarship,Most or nearly all (76–99%),More than half (51–75%),No,No,None,Declared (I've officially declared my major(s)),Single major,Finance - BBA,,Terry,,28,26,2826,Yes,UGA Bus,Yes,"Monday, Tuesday, Wednesday, Thursday, Friday",I typically do not come to campus outside of class,16-20 mins,Daily,3,Monday/Wednesday/Friday,50% of standard price
2026-09-18 08:39:16.632,,21,Female,White,4th Year,In-state,No,2028,Employed part-time,Off-campus apartment or house,Student loans,None (0%),Most or nearly all (76–99%),No,No,3,Intended (I've chosen my major(s) but haven't officially declared yet),Single major,Marketing - BBA,,Terry,,1,2,0102,Yes,Personal Car,Yes,"Monday, Tuesday, Wednesday, Thursday, Friday","Monday, Tuesday, Wednesday, Thursday, Friday",More than 20 minutes,A few times per week,1,"I’m interested, but neither schedule would work for me",25% of standard price
2026-09-18 08:39:22.971,,19,Female,,2nd Year,In-state,No,2029,"Not currently employed, but not looking for a job",Off-campus apartment or house,HOPE or Zell Miller Scholarship,None (0%),All (100%),No,No,1,Intended (I've chosen my major(s) but haven't officially declared yet),Single major,Marketing - BBA,,Terry,,12,20,1220,Yes,Walk,No,"Monday, Tuesday, Wednesday, Thursday, Friday","Tuesday, Wednesday",More than 20 minutes,Never,5,Monday/Wednesday/Friday,25% of standard price
2026-09-18 08:39:31.320,,19,Male,White,2nd Year,In-state,No,2029,"Not currently employed, but not looking for a job",Off-campus apartment or house,HOPE or Zell Miller Scholarship,More than half (51–75%),More than half (51–75%),No,No,3,Intended (I've chosen my major(s) but haven't officially declared yet),Double major (or Co-Major),Finance - BBA,Management Information Systems - BBA,Terry,Terry,30,23,3023,Yes,Walk,No,"Monday, Tuesday, Wednesday, Thursday, Friday","Monday, Tuesday, Wednesday",16-20 mins,Once a week,5,Monday/Wednesday/Friday,75% of standard price
2026-09-18 08:39:42.543,,20,Male,White,3rd Year,In-state,Yes,2028,Prefer not to answer,"With a parent, guardian, or other family member","HOPE or Zell Miller Scholarship, Student loans",Not sure,Not sure,No,No,None,Intended (I've chosen my major(s) but haven't officially declared yet),Double major (or Co-Major),Economics - BBA,International Business - Co-Major,Terry,Terry,19,6,1906,Yes,Walk,Yes,"Monday, Wednesday, Friday",I typically do not come to campus outside of class,More than 20 minutes,Daily,5,Monday/Wednesday/Friday,50% of standard price
2026-09-18 08:39:49.798,,19,Female,White,2nd Year,In-state,No,2029,"Not currently employed, but not looking for a job",Fraternity or sorority house,HOPE or Zell Miller Scholarship,Most or nearly all (76–99%),A small portion (1–25%),No,"Yes, a sorority",3,Intended (I've chosen my major(s) but haven't officially declared yet),Single major,Marketing - BBA,,Terry,,19,30,1930,Yes,Walk,No,"Monday, Tuesday, Wednesday, Thursday, Friday",I typically do not come to campus outside of class,More than 20 minutes,A few times per week,4,Either option would work for me,50% of standard price
2026-09-18 08:39:49.904,,19,Male,White,2nd Year,In-state,Yes,2028,Employed part-time,Off-campus apartment or house,HOPE or Zell Miller Scholarship,Most or nearly all (76–99%),None (0%),No,No,None,Intended (I've chosen my major(s) but haven't officially declared yet),Single major,Finance - BBA,,Terry,,87,7,8707,Yes,Scooter/Bike,No,"Monday, Tuesday, Wednesday, Thursday, Friday",I typically do not come to campus outside of class,More than 20 minutes,Never,1,I’m not interested in flexible parking,75% of standard price
2026-09-18 08:40:24.849,,37,Female,White,2nd Year,International,Yes,2029,Employed full-time,Off-campus apartment or house,TAP,Most or nearly all (76–99%),None (0%),Yes,No,None,Intended (I've chosen my major(s) but haven't officially declared yet),Single major,Management - BBA,,Terry,,89,12,8912,Yes,Personal Car,Yes,"Monday, Tuesday, Wednesday, Thursday, Friday","Monday, Tuesday, Wednesday, Thursday, Friday",11-15 minutes,Never,1,I’m not interested in flexible parking,I am only interested in the standard full-week permit
2026-09-18 08:41:02.949,,19,Male,"Asian, Middle Eastern or North African",2nd Year,In-state,Yes,2028,Prefer not to answer,Off-campus apartment or house,HOPE or Zell Miller Scholarship,Most or nearly all (76–99%),A small portion (1–25%),No,No,4 or more,Intended (I've chosen my major(s) but haven't officially declared yet),Single major,Management - BBA,,Terry,,90,20,9020,Yes,UGA Bus,No,"Monday, Tuesday, Wednesday, Thursday, Friday","Tuesday, Thursday",5-10 minutes,Daily,5,Monday/Wednesday/Friday,75% of standard price
2026-09-18 08:41:20.319,,19,Male,White,2nd Year,In-state,Yes,2028,Employed part-time,Off-campus apartment or house,HOPE or Zell Miller Scholarship,More than half (51–75%),About one-quarter to one-half (26–50%),No,No,4 or more,Intended (I've chosen my major(s) but haven't officially declared yet),Double major (or Co-Major),Finance - BBA,International Business - Co-Major,Terry,Terry,69,2,6902,No,UGA Bus,No,"Monday, Tuesday, Wednesday, Thursday, Friday","Monday, Tuesday, Wednesday, Thursday, Friday",11-15 minutes,Daily,5,Either option would work for me,50% of standard price
2026-09-18 08:41:34.376,,19,Male,White,2nd Year,In-state,Yes,2029,Employed part-time,Off-campus apartment or house,"HOPE or Zell Miller Scholarship, Student loans",Most or nearly all (76–99%),A small portion (1–25%),No,No,None,Intended (I've chosen my major(s) but haven't officially declared yet),Single major,Economics - BBA,,Terry,,9,11,0911,Yes,UGA Bus,Yes,"Monday, Tuesday, Wednesday, Thursday, Friday",I typically do not come to campus outside of class,More than 20 minutes,Daily,2,I’m not interested in flexible parking,50% of standard price
2026-09-18 08:42:03.521,,19,Female,Asian,2nd Year,In-state,Yes,2029,"Not currently employed, but not looking for a job",Off-campus apartment or house,HOPE or Zell Miller Scholarship,Most or nearly all (76–99%),All (100%),No,No,1,Intended (I've chosen my major(s) but haven't officially declared yet),Double major (or Co-Major),Finance - BBA,Psychology - BS,Terry,Franklin,39,10,3910,No,UGA Bus,No,"Monday, Tuesday, Wednesday, Thursday, Friday",Wednesday,5-10 minutes,Daily,4,Either option would work for me,75% of standard price
2026-09-18 08:42:22.619,,19,Female,White,2nd Year,In-state,No,2029,"Not currently employed, but not looking for a job",Fraternity or sorority house,HOPE or Zell Miller Scholarship,More than half (51–75%),More than half (51–75%),No,"Yes, a sorority",3,Intended (I've chosen my major(s) but haven't officially declared yet),Single major,Risk Management and Insurance - BBA,,Terry,,8,10,0810,Yes,UGA Bus,Yes,"Monday, Tuesday, Wednesday, Thursday, Friday",Monday,16-20 mins,Daily,2,Monday/Wednesday/Friday,50% of standard price
2026-09-18 08:42:50.544,,19,Female,White,2nd Year,In-state,No,2029,"Not currently employed, but looking for a job",Off-campus apartment or house,HOPE or Zell Miller Scholarship,None (0%),A small portion (1–25%),No,No,1,Intended (I've chosen my major(s) but haven't officially declared yet),Double major (or Co-Major),Marketing - BBA,Sport Management - BS,Terry,Education,46,10,4610,Yes,UGA Bus,No,"Monday, Tuesday, Wednesday, Thursday, Friday","Tuesday, Wednesday, Thursday",16-20 mins,Daily,5,"I’m interested, but neither schedule would work for me",25% of standard price
2026-09-18 08:42:53.649,,19,Male,White,2nd Year,In-state,Yes,2029,"Not currently employed, but not looking for a job",On-campus residence hall or university housing,HOPE or Zell Miller Scholarship,Most or nearly all (76–99%),More than half (51–75%),No,"Yes, a fraternity",2,Intended (I've chosen my major(s) but haven't officially declared yet),Single major,Finance - BBA,,Terry,,77,6,7706,Yes,Walk,Yes,"Monday, Tuesday, Wednesday, Thursday, Friday","Monday, Tuesday, Wednesday, Thursday, Friday",More than 20 minutes,Rarely,5,"I’m interested, but neither schedule would work for me",50% of standard price
2026-09-18 08:43:30.795,,20,Male,Asian,2nd Year,In-state,Yes,2029,"Not currently employed, but looking for a job",Off-campus apartment or house,HOPE or Zell Miller Scholarship,Most or nearly all (76–99%),Not sure,No,No,None,Intended (I've chosen my major(s) but haven't officially declared yet),Single major,Real Estate - BBA,,Terry,,51,20,5120,Yes,UGA Bus,No,"Monday, Tuesday, Wednesday, Thursday, Friday",I typically do not come to campus outside of class,Less than 5 minutes,Daily,5,Either option would work for me,50% of standard price
2026-09-18 08:43:37.285,,20,Female,"Black or African American, White",3rd Year,In-state,Yes,2028,"Not currently employed, but not looking for a job",Off-campus apartment or house,HOPE or Zell Miller Scholarship,All (100%),None (0%),No,No,2,Intended (I've chosen my major(s) but haven't officially declared yet),Single major,Finance - BBA,,Terry,,75,2,7502,No,Walk,No,"Monday, Tuesday, Wednesday, Thursday, Friday","Monday, Tuesday, Wednesday, Thursday, Friday",11-15 minutes,Never,5,Either option would work for me,50% of standard price
2026-09-18 08:44:16.734,,20,Male,White,3rd Year,In-state,Yes,Unsure,"Not currently employed, but looking for a job",Off-campus apartment or house,"HOPE or Zell Miller Scholarship, Other scholarship",All (100%),None (0%),No,No,None,Intended (I've chosen my major(s) but haven't officially declared yet),Single major,Accounting - BBA,,Terry,,16,29,1629,Yes,Walk,No,"Monday, Tuesday, Wednesday, Thursday, Friday",I typically do not come to campus outside of class,More than 20 minutes,Daily,3,Monday/Wednesday/Friday,50% of standard price
2026-09-18 08:44:31.260,,20,Male,Asian,3rd Year,In-state,Yes,2028,"Not currently employed, but not looking for a job",Off-campus apartment or house,HOPE or Zell Miller Scholarship,More than half (51–75%),More than half (51–75%),No,No,1,Intended (I've chosen my major(s) but haven't officially declared yet),Single major,Economics - BBA,,Terry,,5,31,0531,Yes,UGA Bus,Yes,"Monday, Tuesday, Wednesday, Thursday, Friday","Tuesday, Thursday",More than 20 minutes,Daily,4,Monday/Wednesday/Friday,50% of standard price
2026-09-18 08:44:43.415,,20,Male,White,2nd Year,In-state,Yes,2029,Employed part-time,Off-campus apartment or house,HOPE or Zell Miller Scholarship,Not sure,Not sure,No,No,None,Intended (I've chosen my major(s) but haven't officially declared yet),Single major,,,,,90,14,9014,Yes,Walk,No,"Monday, Tuesday, Wednesday, Thursday, Friday","Monday, Tuesday, Wednesday, Thursday, Friday",16-20 mins,Never,2,"I’m interested, but neither schedule would work for me",25% of standard price
2026-09-18 08:44:44.267,,18,Male,White,2nd Year,In-state,No,2028,Employed part-time,Off-campus apartment or house,HOPE or Zell Miller Scholarship,More than half (51–75%),About one-quarter to one-half (26–50%),No,No,None,Intended (I've chosen my major(s) but haven't officially declared yet),Single major,Management - BBA,,Terry,,44,20,4420,No,Walk,No,"Monday, Tuesday, Wednesday, Thursday, Friday",I typically do not come to campus outside of class,Less than 5 minutes,Never,1,I’m not interested in flexible parking,50% of standard price
2026-09-18 08:44:45.677,,19,Female,White,2nd Year,In-state,No,2029,"Not currently employed, but not looking for a job",Off-campus apartment or house,HOPE or Zell Miller Scholarship,Most or nearly all (76–99%),All (100%),No,"Yes, a sorority",1,Intended (I've chosen my major(s) but haven't officially declared yet),Single major,Marketing - BBA,,Terry,,54,20,5420,Yes,Walk,No,"Monday, Tuesday, Wednesday, Thursday, Friday",I typically do not come to campus outside of class,More than 20 minutes,A few times per week,5,Either option would work for me,50% of standard price
2026-09-18 08:45:12.303,,19,Male,White,2nd Year,In-state,Yes,2029,"Not currently employed, but not looking for a job",Off-campus apartment or house,HOPE or Zell Miller Scholarship,Most or nearly all (76–99%),More than half (51–75%),No,No,None,Intended (I've chosen my major(s) but haven't officially declared yet),Single major,Management - BBA,,Terry,,65,5,6505,Yes,Walk,No,"Monday, Tuesday, Wednesday, Thursday, Friday","Monday, Tuesday, Wednesday, Thursday",16-20 mins,Rarely,3,"I’m interested, but neither schedule would work for me",25% of standard price
2026-09-18 08:45:29.639,,20,Male,Asian,2nd Year,International,Yes,2028,"Not currently employed, but looking for a job",Off-campus apartment or house,I am not receiving financial aid,None (0%),All (100%),No,No,None,Intended (I've chosen my major(s) but haven't officially declared yet),Single major,,,,,0,1,0001,Yes,apartment shuttle,No,"Monday, Tuesday, Wednesday, Thursday, Friday","Monday, Tuesday, Wednesday, Thursday, Friday",More than 20 minutes,A few times per week,5,I’m not interested in flexible parking,25% of standard price
2026-09-18 08:45:36.778,,19,Male,White,3rd Year,In-state,Yes,2028,Employed part-time,Off-campus apartment or house,HOPE or Zell Miller Scholarship,Most or nearly all (76–99%),About one-quarter to one-half (26–50%),No,No,None,Declared (I've officially declared my major(s)),Single major,Management - BBA,,Terry,,33,8,3308,Yes,Scooter/Bike,Yes,"Monday, Tuesday, Wednesday, Thursday, Friday",I typically do not come to campus outside of class,More than 20 minutes,Never,1,"I’m interested, but neither schedule would work for me",50% of standard price
2026-09-18 08:45:45.921,,20,Male,White,2nd Year,In-state,No,2029,"Not currently employed, but looking for a job",Off-campus apartment or house,HOPE or Zell Miller Scholarship,Most or nearly all (76–99%),About one-quarter to one-half (26–50%),No,No,3,Intended (I've chosen my major(s) but haven't officially declared yet),Single major,Accounting - BBA,,Terry,,0,9,0009,Yes,Walk,No,"Monday, Tuesday, Wednesday, Thursday, Friday","Monday, Tuesday, Wednesday, Thursday, Friday",16-20 mins,Daily,4,Monday/Wednesday/Friday,25% of standard price
2026-09-18 08:45:50.890,,19,Female,"Asian, White",2nd Year,In-state,Yes,2029,"Not currently employed, but looking for a job",On-campus residence hall or university housing,HOPE or Zell Miller Scholarship,About one-quarter to one-half (26–50%),More than half (51–75%),No,No,1,Intended (I've chosen my major(s) but haven't officially declared yet),Single major,Finance - BBA,,Terry,,61,10,6110,Yes,UGA Bus,Yes,"Monday, Tuesday, Wednesday, Thursday, Friday",I typically do not come to campus outside of class,More than 20 minutes,Daily,1,I’m not interested in flexible parking,25% of standard price
2026-09-18 08:45:51.882,,19,Male,White,2nd Year,In-state,No,2029,Employed part-time,Fraternity or sorority house,HOPE or Zell Miller Scholarship,Most or nearly all (76–99%),A small portion (1–25%),No,"Yes, a fraternity",2,Intended (I've chosen my major(s) but haven't officially declared yet),Double major (or Co-Major),Marketing - BBA,Economics - AB,Terry,Terry,91,10,9110,Yes,Scooter/Bike,No,"Monday, Tuesday, Wednesday, Thursday, Friday",I typically do not come to campus outside of class,More than 20 minutes,Rarely,5,Monday/Wednesday/Friday,50% of standard price
2026-09-18 08:45:56.333,,18,Female,Black or African American,2nd Year,In-state,No,2029,Employed part-time,On-campus residence hall or university housing,"HOPE or Zell Miller Scholarship, Federal work-study",A small portion (1–25%),All (100%),No,No,3,Intended (I've chosen my major(s) but haven't officially declared yet),Single major,Management Information Systems - BBA,,Terry,,68,12,6812,No,UGA Bus,No,"Monday, Wednesday, Thursday, Friday","Monday, Tuesday, Wednesday, Thursday",Less than 5 minutes,Daily,4,I’m not interested in flexible parking,50% of standard price
2026-09-18 08:46:06.056,,19,Male,Asian,2nd Year,In-state,Yes,2029,"Not currently employed, but looking for a job",Off-campus apartment or house,HOPE or Zell Miller Scholarship,More than half (51–75%),More than half (51–75%),No,No,None,Intended (I've chosen my major(s) but haven't officially declared yet),Single major,Management - BBA,,Terry,,27,5,2705,Yes,Walk,No,"Monday, Tuesday, Wednesday, Thursday, Friday",I typically do not come to campus outside of class,16-20 mins,Rarely,4,Tuesday/Thursday,I am only interested in the standard full-week permit
2026-09-18 08:46:19.884,,21,Male,White,3rd Year,In-state,Yes,2029,"Not currently employed, but not looking for a job",Off-campus apartment or house,HOPE or Zell Miller Scholarship,Most or nearly all (76–99%),All (100%),No,No,3,Intended (I've chosen my major(s) but haven't officially declared yet),Single major,Marketing - BBA,,Terry,,0,12,0012,Yes,UGA Bus,Yes,"Monday, Tuesday, Wednesday, Thursday, Friday","Tuesday, Thursday",16-20 mins,Daily,1,I’m not interested in flexible parking,I am only interested in the standard full-week permit
2026-09-18 08:47:10.166,,19,Male,White,2nd Year,In-state,No,2029,"Not currently employed, but looking for a job",Fraternity or sorority house,HOPE or Zell Miller Scholarship,More than half (51–75%),A small portion (1–25%),No,"Yes, a fraternity",2,Intended (I've chosen my major(s) but haven't officially declared yet),Single major,Accounting - BBA,,Terry,,56,8,5608,Yes,Walk,Yes,"Monday, Tuesday, Wednesday, Thursday, Friday","Tuesday, Wednesday, Thursday",16-20 mins,A few times per week,3,Either option would work for me,25% of standard price
2026-09-18 08:47:13.522,,19,Female,Black or African American,2nd Year,In-state,No,2029,Employed full-time,Off-campus apartment or house,"HOPE or Zell Miller Scholarship, Federal work-study",About one-quarter to one-half (26–50%),A small portion (1–25%),No,No,2,Intended (I've chosen my major(s) but haven't officially declared yet),Single major,Finance - BBA,,Terry,,67,11,6711,Yes,Personal Car,Yes,"Monday, Tuesday, Wednesday, Thursday, Friday","Monday, Wednesday, Friday",11-15 minutes,A few times per week,4,"I’m interested, but neither schedule would work for me",25% of standard price
2026-09-18 08:47:29.079,,19,Male,White,2nd Year,In-state,No,2029,"Not currently employed, but looking for a job",Off-campus apartment or house,HOPE or Zell Miller Scholarship,None (0%),More than half (51–75%),No,No,None,Intended (I've chosen my major(s) but haven't officially declared yet),Double major (or Co-Major),International Business - Co-Major,Management Information Systems - BBA,Terry,Terry,50,15,5015,Yes,Walk,Yes,"Monday, Tuesday, Wednesday, Thursday, Friday",I typically do not come to campus outside of class,More than 20 minutes,Daily,4,Either option would work for me,50% of standard price
2026-09-18 08:47:54.348,,18,Female,White,2nd Year,Out-of-state,No,2029,Employed part-time,Fraternity or sorority house,I am not receiving financial aid,None (0%),All (100%),No,"Yes, a sorority",4 or more,Declared (I've officially declared my major(s)),Double major (or Co-Major),Marketing - BBA,Sport Management - BS,Terry,Education,95,7,9507,Yes,Walk,I am on the parking permit waitlist,"Monday, Tuesday, Wednesday, Thursday, Friday",Wednesday,More than 20 minutes,A few times per week,5,Either option would work for me,50% of standard price
2026-09-18 08:48:00.219,,18,Male,"Prefer not to answer, ",2nd Year,In-state,Yes,2028,"Not currently employed, but looking for a job",Off-campus apartment or house,HOPE or Zell Miller Scholarship,Most or nearly all (76–99%),A small portion (1–25%),No,No,2,Intended (I've chosen my major(s) but haven't officially declared yet),Single major,Finance - BBA,,Terry,,27,11,2711,Yes,Walk,No,"Monday, Tuesday, Wednesday, Thursday, Friday","Monday, Wednesday",16-20 mins,Daily,4,Monday/Wednesday/Friday,25% of standard price
2026-09-18 08:48:09.965,,20,Female,White,2nd Year,Out-of-state,No,2029,"Not currently employed, but not looking for a job",Fraternity or sorority house,I am not receiving financial aid,None (0%),All (100%),No,"Yes, a sorority",2,Intended (I've chosen my major(s) but haven't officially declared yet),Single major,Finance - BBA,,Terry,,47,30,4730,Yes,Walk,No,"Monday, Tuesday, Wednesday, Thursday, Friday",I typically do not come to campus outside of class,More than 20 minutes,Never,3,Either option would work for me,75% of standard price
2026-09-19 13:40:54.550,,19,Male,White,2nd Year,Out-of-state,No,2029,"Not currently employed, but not looking for a job",Off-campus apartment or house,I am not receiving financial aid,None (0%),All (100%),No,No,1,Intended (I've chosen my major(s) but haven't officially declared yet),Single major,Real Estate - BBA,,Terry,,2,13,0213,Yes,Walk,No,"Monday, Tuesday, Wednesday, Thursday, Friday","Monday, Tuesday, Wednesday, Thursday, Friday",16-20 mins,Rarely,5,Either option would work for me,I am only interested in the standard full-week permit
2026-09-20 12:21:42.597,,19,Male,"White, Latino",2nd Year,Out-of-state,No,2029,"Not currently employed, but not looking for a job",Off-campus apartment or house,I am not receiving financial aid,None (0%),All (100%),No,No,2,Declared (I've officially declared my major(s)),Single major,Civil Engineering - BSCE,,Engineering,,96,25,9625,Yes,Walk,Yes,"Monday, Tuesday, Wednesday, Thursday, Friday",I typically do not come to campus outside of class,11-15 minutes,Daily,4,"I’m interested, but neither schedule would work for me",25% of standard price
2026-09-21 16:40:31.891,,19,Female,White,2nd Year,Out-of-state,No,2029,"Not currently employed, but not looking for a job",Fraternity or sorority house,I am not receiving financial aid,None (0%),Most or nearly all (76–99%),No,"Yes, a sorority",2,Declared (I've officially declared my major(s)),Single major,Biochemical Engineering - BSBCHE,,Engineering,,84,9,8409,Yes,Walk,No,"Monday, Tuesday, Wednesday, Thursday, Friday",I typically do not come to campus outside of class,More than 20 minutes,Rarely,4,Monday/Wednesday/Friday,50% of standard price
2026-09-21 16:41:36.698,,19,Female,White,2nd Year,Out-of-state,No,2029,"Not currently employed, but not looking for a job",Fraternity or sorority house,I am not receiving financial aid,None (0%),All (100%),No,"Yes, a sorority",None,Declared (I've officially declared my major(s)),Single major,Furnishings and Interiors - BSFCS,,FACS,,40,27,4027,Yes,Walk,No,"Monday, Tuesday, Wednesday, Thursday",Friday,More than 20 minutes,Never,3,I’m not interested in flexible parking,Same amount as the standard price
2026-09-21 16:44:23.024,,19,Female,White,2nd Year,In-state,No,2029,Employed part-time,Off-campus apartment or house,HOPE or Zell Miller Scholarship,A small portion (1–25%),Most or nearly all (76–99%),No,"Yes, a sorority",2,Intended (I've chosen my major(s) but haven't officially declared yet),Single major,Marketing - BBA,,Terry,,93,14,9314,Yes,Walk,No,"Monday, Tuesday, Wednesday, Thursday, Friday","Tuesday, Thursday",16-20 mins,Never,5,Monday/Wednesday/Friday,50% of standard price
2026-09-21 16:45:04.211,,19,Female,White,2nd Year,In-state,No,2029,"Not currently employed, but looking for a job",Fraternity or sorority house,I am not receiving financial aid,About one-quarter to one-half (26–50%),Most or nearly all (76–99%),No,"Yes, a sorority",3,Declared (I've officially declared my major(s)),Single major,Biomedical Physiology - BS,,Vet Med,,29,15,2915,Yes,Walk,No,"Monday, Tuesday, Wednesday, Thursday",I typically do not come to campus outside of class,More than 20 minutes,A few times per week,5,Tuesday/Thursday,50% of standard price
2026-09-21 16:45:17.135,,19,Female,White,2nd Year,Out-of-state,No,2029,Employed part-time,Fraternity or sorority house,I am not receiving financial aid,A small portion (1–25%),All (100%),Yes,"Yes, a sorority",4 or more,Declared (I've officially declared my major(s)),Single major,Human Development and Family Science - BSFCS,,FACS,,40,30,4030,Yes,Walk,No,"Monday, Tuesday, Wednesday, Thursday","Thursday, Friday",More than 20 minutes,A few times per week,5,Tuesday/Thursday,50% of standard price
2026-09-21 16:45:55.126,,19,Female,White,2nd Year,In-state,No,2029,"Not currently employed, but not looking for a job",Fraternity or sorority house,HOPE or Zell Miller Scholarship,Most or nearly all (76–99%),All (100%),No,"Yes, a sorority",2,Declared (I've officially declared my major(s)),Single major,Elementary Education - BSED,,Education,,45,5,4505,Yes,Walk,No,"Monday, Tuesday, Wednesday, Thursday","Monday, Tuesday, Wednesday, Thursday",More than 20 minutes,Rarely,4,Tuesday/Thursday,50% of standard price
2026-09-21 16:46:27.727,,19,Female,White,2nd Year,Out-of-state,No,2029,Employed part-time,Fraternity or sorority house,Scholarship,A small portion (1–25%),Most or nearly all (76–99%),Yes,"Yes, a sorority",3,Declared (I've officially declared my major(s)),Single major,Landscape Architecture - BLA,,CED,,74,23,7423,Yes,Walk,No,"Monday, Tuesday, Wednesday, Thursday","Monday, Tuesday, Wednesday, Thursday, Friday",More than 20 minutes,A few times per week,5,Either option would work for me,50% of standard price
2026-09-21 16:46:28.281,,18,Female,White,2nd Year,Out-of-state,No,2029,Employed part-time,Fraternity or sorority house,I am not receiving financial aid,None (0%),All (100%),No,"Yes, a sorority",3,Declared (I've officially declared my major(s)),Single major,Nutritional Sciences - BSFCS,,FACS,,81,9,8109,No,Walk,No,"Monday, Tuesday, Wednesday, Thursday, Friday","Tuesday, Wednesday, Thursday",More than 20 minutes,A few times per week,1,I’m not interested in flexible parking,25% of standard price
2026-09-21 16:48:07.630,,19,Female,White,2nd Year,Out-of-state,No,2029,Employed part-time,Off-campus apartment or house,I am not receiving financial aid,A small portion (1–25%),Most or nearly all (76–99%),No,"Yes, a sorority",4 or more,Declared (I've officially declared my major(s)),Double major (or Co-Major),Psychology - BS,Human Development and Family Science - BSFCS,Franklin,FACS,35,31,3531,Yes,Walk,No,"Monday, Tuesday, Wednesday, Thursday, Friday",I typically do not come to campus outside of class,16-20 mins,A few times per week,3,"I’m interested, but neither schedule would work for me",50% of standard price
2026-09-21 16:53:16.210,,19,Female,White,2nd Year,Out-of-state,No,2029,Employed part-time,Fraternity or sorority house,Other scholarship,About one-quarter to one-half (26–50%),Most or nearly all (76–99%),No,"Yes, a sorority",4 or more,Declared (I've officially declared my major(s)),Double major (or Co-Major),International Affairs - AB,Economics - AB,SPIA,Terry,27,2,2702,Yes,Walk,No,"Monday, Tuesday, Wednesday, Thursday, Friday","Monday, Wednesday",More than 20 minutes,A few times per week,5,Monday/Wednesday/Friday,50% of standard price
2026-09-21 16:59:58.455,,19,Female,White,2nd Year,In-state,No,2029,"Not currently employed, but not looking for a job",Fraternity or sorority house,HOPE or Zell Miller Scholarship,Not sure,Not sure,No,"Yes, a sorority",3,Intended (I've chosen my major(s) but haven't officially declared yet),Double major (or Co-Major),Real Estate - BBA,Finance - BBA,Terry,Terry,39,2,3902,Yes,UGA Bus,No,"Monday, Tuesday, Wednesday, Thursday, Friday",I typically do not come to campus outside of class,More than 20 minutes,Daily,5,Either option would work for me,50% of standard price
2026-09-21 18:44:16.222,,19,Female,White,2nd Year,In-state,No,2029,"Not currently employed, but looking for a job",Fraternity or sorority house,Presidential,More than half (51–75%),About one-quarter to one-half (26–50%),No,"Yes, a sorority",3,Intended (I've chosen my major(s) but haven't officially declared yet),Single major,Risk Management and Insurance - BBA,,Terry,,19,8,1908,Yes,Walk,No,"Monday, Tuesday, Wednesday, Thursday, Friday",Wednesday,More than 20 minutes,Never,5,Monday/Wednesday/Friday,25% of standard price
2026-09-21 18:44:22.671,,21,Female,White,4th Year,In-state,No,2027,Employed part-time,Off-campus apartment or house,"HOPE or Zell Miller Scholarship, Student loans",Most or nearly all (76–99%),A small portion (1–25%),No,"Yes, a sorority",3,Declared (I've officially declared my major(s)),Single major,Management - BBA,,Terry,,34,13,3413,Yes,Personal Car,Yes,"Monday, Tuesday, Wednesday, Thursday",Tuesday,5-10 minutes,Never,4,Either option would work for me,50% of standard price
2026-09-21 18:44:30.984,,19,Female,White,2nd Year,In-state,No,2029,"Not currently employed, but not looking for a job",Fraternity or sorority house,HOPE or Zell Miller Scholarship,All (100%),All (100%),No,"Yes, a sorority",3,Intended (I've chosen my major(s) but haven't officially declared yet),Single major,Accounting - BBA,,Terry,,60,6,6006,Yes,Walk,No,"Monday, Tuesday, Wednesday, Thursday","Tuesday, Thursday",16-20 mins,A few times per week,3,Either option would work for me,50% of standard price
2026-09-21 18:44:33.507,,20,Female,White,2nd Year,In-state,No,2029,"Not currently employed, but not looking for a job",Fraternity or sorority house,HOPE or Zell Miller Scholarship,Most or nearly all (76–99%),A small portion (1–25%),No,"Yes, a sorority",1,Intended (I've chosen my major(s) but haven't officially declared yet),Single major,Finance - BBA,,Terry,,55,20,5520,Yes,Walk,No,"Monday, Tuesday, Wednesday, Thursday, Friday",I typically do not come to campus outside of class,More than 20 minutes,Once a week,5,Either option would work for me,50% of standard price
2026-09-21 18:44:45.979,,19,Female,White,2nd Year,Out-of-state,No,2029,Employed part-time,Off-campus apartment or house,I am not receiving financial aid,Most or nearly all (76–99%),About one-quarter to one-half (26–50%),No,"Yes, a sorority",1,Declared (I've officially declared my major(s)),Single major,Biological Science - BSA,,CAES,,95,3,9503,Yes,Walk,No,"Monday, Tuesday, Wednesday, Thursday, Friday",I typically do not come to campus outside of class,More than 20 minutes,Never,5,Either option would work for me,50% of standard price
2026-09-21 18:44:47.827,,21,Female,White,4th Year,Out-of-state,No,2027,"Not currently employed, but not looking for a job",Off-campus apartment or house,Classic Scholarship,A small portion (1–25%),Most or nearly all (76–99%),No,"Yes, a sorority",3,Declared (I've officially declared my major(s)),Single major,Biology - BS,,Franklin,,77,10,7710,Yes,Walk,Yes,"Tuesday, Wednesday, Thursday",I typically do not come to campus outside of class,11-15 minutes,Never,5,Tuesday/Thursday,50% of standard price
2026-09-21 18:44:48.160,,19,Female,White,2nd Year,Out-of-state,No,2029,"Not currently employed, but not looking for a job",Fraternity or sorority house,I am not receiving financial aid,A small portion (1–25%),Most or nearly all (76–99%),No,"Yes, a sorority",4 or more,Declared (I've officially declared my major(s)),Double major (or Co-Major),Psychology - BS,Neuroscience - BS,Franklin,Franklin,44,20,4420,Yes,Walk,No,"Monday, Tuesday, Wednesday, Thursday, Friday",I typically do not come to campus outside of class,More than 20 minutes,Never,5,Either option would work for me,50% of standard price
2026-09-21 18:44:54.365,,21,Female,White,4th Year,In-state,No,2027,"Not currently employed, but looking for a job",Off-campus apartment or house,HOPE or Zell Miller Scholarship,Most or nearly all (76–99%),A small portion (1–25%),No,"Yes, a sorority",3,Declared (I've officially declared my major(s)),Single major,Finance - BBA,,Terry,,29,20,2920,Yes,Walk,No,"Monday, Tuesday, Wednesday, Thursday",I typically do not come to campus outside of class,More than 20 minutes,Rarely,3,Either option would work for me,50% of standard price
2026-09-21 18:45:51.751,,19,Female,White,2nd Year,In-state,No,2029,"Not currently employed, but not looking for a job",Fraternity or sorority house,HOPE or Zell Miller Scholarship,More than half (51–75%),All (100%),No,"Yes, a sorority",2,Intended (I've chosen my major(s) but haven't officially declared yet),Single major,Risk Management and Insurance - BBA,,Terry,,76,16,7616,Yes,Walk,No,"Monday, Tuesday, Wednesday, Thursday, Friday",I typically do not come to campus outside of class,More than 20 minutes,Rarely,5,Monday/Wednesday/Friday,25% of standard price
2026-09-21 18:47:00.874,,20,Female,White,3rd Year,Out-of-state,No,2028,Employed part-time,Off-campus apartment or house,I am not receiving financial aid,None (0%),Most or nearly all (76–99%),No,"Yes, a sorority",4 or more,Declared (I've officially declared my major(s)),Double major (or Co-Major),Psychology - BS,Social Work - BSW,Franklin,Social Work,9,28,0928,Yes,Walk,No,"Monday, Tuesday, Wednesday, Thursday","Tuesday, Thursday, I typically do not come to campus outside of class",More than 20 minutes,Rarely,3,I’m not interested in flexible parking,25% of standard price
2026-09-21 18:47:23.406,,20,Female,White,2nd Year,Out-of-state,No,2029,Employed part-time,Off-campus apartment or house,I am not receiving financial aid,None (0%),All (100%),No,"Yes, a sorority",1,Intended (I've chosen my major(s) but haven't officially declared yet),Double major (or Co-Major),,International Business - Co-Major,,Terry,53,9,5309,Yes,Walk,No,"Monday, Tuesday, Wednesday, Thursday, Friday","Monday, Tuesday, Wednesday, Thursday, Friday",11-15 minutes,Rarely,4,Either option would work for me,50% of standard price
2026-09-21 18:50:13.983,,19,Female,White,2nd Year,Out-of-state,No,2029,"Not currently employed, but not looking for a job",Fraternity or sorority house,I am not receiving financial aid,None (0%),None (0%),Yes,"Yes, a sorority",3,Intended (I've chosen my major(s) but haven't officially declared yet),Double major (or Co-Major),Finance - BBA,Real Estate - BBA,Terry,Terry,3,11,0311,Yes,Walk,Yes,"Monday, Tuesday, Wednesday, Thursday, Friday","Monday, Tuesday, Wednesday, Thursday, Friday",More than 20 minutes,Rarely,5,Either option would work for me,75% of standard price
2026-09-21 18:53:40.542,,19,Female,White,2nd Year,In-state,No,2029,"Not currently employed, but not looking for a job",Off-campus apartment or house,HOPE or Zell Miller Scholarship,About one-quarter to one-half (26–50%),All (100%),No,"Yes, a sorority",2,Intended (I've chosen my major(s) but haven't officially declared yet),Single major,Nutritional Sciences - BSFCS,,FACS,,88,1,8801,Yes,Personal Car,I am on the parking permit waitlist,"Monday, Tuesday, Wednesday, Thursday, Friday",Monday,More than 20 minutes,Never,4,Monday/Wednesday/Friday,I am only interested in the standard full-week permit
2026-09-21 18:58:00.693,,18,Female,White,1st Year,Out-of-state,No,2030 or later,"Not currently employed, but not looking for a job",On-campus residence hall or university housing,I am not receiving financial aid,None (0%),All (100%),No,"Yes, a sorority",2,Intended (I've chosen my major(s) but haven't officially declared yet),Single major,Exercise and Sport Science - BS,,Education,,9,18,0918,No,Walk,I am on the parking permit waitlist,"Monday, Tuesday, Wednesday, Thursday, Friday","Monday, Tuesday, Wednesday, Thursday",More than 20 minutes,Never,5,"I’m interested, but neither schedule would work for me",75% of standard price
2026-09-21 19:04:58.996,,20,Female,White,3rd Year,In-state,No,2028,"Not currently employed, but not looking for a job",Off-campus apartment or house,HOPE or Zell Miller Scholarship,Most or nearly all (76–99%),About one-quarter to one-half (26–50%),No,"Yes, a sorority",3,Declared (I've officially declared my major(s)),Single major,Biological Science - BSA,,CAES,,35,9,3509,Yes,Walk,No,"Monday, Tuesday, Thursday","Monday, Tuesday, Wednesday, Thursday",5-10 minutes,Rarely,2,Tuesday/Thursday,25% of standard price
2026-09-21 19:05:14.607,,19,Female,White,2nd Year,Out-of-state,No,2029,"Not currently employed, but not looking for a job",Fraternity or sorority house,I am not receiving financial aid,None (0%),Most or nearly all (76–99%),No,"Yes, a sorority",3,Intended (I've chosen my major(s) but haven't officially declared yet),Single major,Public Relations - AB,,Grady,,89,19,8919,Yes,UGA Bus,No,"Monday, Tuesday, Wednesday, Thursday","Monday, Tuesday",More than 20 minutes,Daily,5,Monday/Wednesday/Friday,50% of standard price
2026-09-21 19:18:35.220,,19,Female,White,1st Year,Out-of-state,No,2030 or later,"Not currently employed, but not looking for a job",On-campus residence hall or university housing,HOPE or Zell Miller Scholarship,All (100%),All (100%),No,"Yes, a sorority",2,Intended (I've chosen my major(s) but haven't officially declared yet),Single major,Biology - BS,,Franklin,,27,22,2722,Yes,Walk,Yes,"Monday, Tuesday, Wednesday, Friday","Monday, Tuesday, Wednesday, Thursday, Friday",16-20 mins,A few times per week,5,Tuesday/Thursday,25% of standard price
2026-09-21 19:20:53.994,,18,Female,White,1st Year,In-state,No,2026,"Not currently employed, but not looking for a job",On-campus residence hall or university housing,HOPE or Zell Miller Scholarship,More than half (51–75%),Most or nearly all (76–99%),No,"Yes, a sorority",4 or more,Intended (I've chosen my major(s) but haven't officially declared yet),Single major,Biological Science - BSA,,CAES,,99,27,9927,Yes,Walk,Yes,"Monday, Tuesday, Wednesday, Thursday","Monday, Tuesday, Wednesday, Thursday, Friday",16-20 mins,Once a week,3,Either option would work for me,25% of standard price
2026-09-21 21:49:27.580,,20,Female,White,2nd Year,In-state,No,,"Not currently employed, but not looking for a job",Off-campus apartment or house,HOPE or Zell Miller Scholarship,Most or nearly all (76–99%),A small portion (1–25%),No,"Yes, a sorority",1,Declared (I've officially declared my major(s)),Single major,,,,,3,20,0320,Yes,Walk,No,"Monday, Tuesday, Wednesday, Thursday, Friday","Monday, Tuesday, Wednesday, Thursday, Friday",16-20 mins,Never,1,I’m not interested in flexible parking,25% of standard price
2026-09-25 10:40:18.665,,19,Female,White,2nd Year,Out-of-state,No,2029,"Not currently employed, but not looking for a job",Fraternity or sorority house,I am not receiving financial aid,A small portion (1–25%),All (100%),Yes,"Yes, a sorority",3,Intended (I've chosen my major(s) but haven't officially declared yet),Single major,Mechanical Engineering - BSME,,Engineering,,74,12,7412,No,Walk,No,"Monday, Tuesday, Wednesday, Thursday, Friday","Monday, Tuesday, Wednesday, Thursday, Friday",More than 20 minutes,Once a week,5,Monday/Wednesday/Friday,25% of standard price
2026-09-25 10:40:37.825,,19,Female,"Asian, Black or African American, White",2nd Year,In-state,No,2029,Employed part-time,Fraternity or sorority house,HOPE or Zell Miller Scholarship,Most or nearly all (76–99%),All (100%),No,"Yes, a sorority",2,Intended (I've chosen my major(s) but haven't officially declared yet),Single major,Accounting - BBA,,Terry,,68,29,6829,Yes,Walk,No,"Monday, Tuesday, Wednesday, Thursday, Friday",Tuesday,More than 20 minutes,Rarely,3,Either option would work for me,50% of standard price
2026-09-25 10:40:46.403,,19,Female,White,2nd Year,In-state,No,2029,"Not currently employed, but looking for a job",Fraternity or sorority house,HOPE or Zell Miller Scholarship,Most or nearly all (76–99%),All (100%),No,"Yes, a sorority",4 or more,Intended (I've chosen my major(s) but haven't officially declared yet),Single major,Economics - BBA,,Terry,,63,15,6315,Yes,Walk,No,"Monday, Tuesday, Wednesday, Thursday, Friday",I typically do not come to campus outside of class,More than 20 minutes,A few times per week,5,Monday/Wednesday/Friday,50% of standard price
2026-09-25 10:42:24.400,,19,Female,White,2nd Year,Out-of-state,No,2029,"Not currently employed, but not looking for a job",Fraternity or sorority house,I am not receiving financial aid,None (0%),All (100%),No,"Yes, a sorority",3,Intended (I've chosen my major(s) but haven't officially declared yet),Single major,Biomedical Physiology - BS,,Vet Med,,44,8,4408,Yes,Walk,No,"Monday, Tuesday, Wednesday, Thursday, Friday","Monday, Wednesday",More than 20 minutes,Daily,3,Monday/Wednesday/Friday,25% of standard price
2026-09-25 10:42:40.007,,19,Female,White,2nd Year,In-state,No,2029,"Not currently employed, but not looking for a job",Fraternity or sorority house,HOPE or Zell Miller Scholarship,Most or nearly all (76–99%),Most or nearly all (76–99%),Yes,"Yes, a sorority",2,Intended (I've chosen my major(s) but haven't officially declared yet),Double major (or Co-Major),Accounting - BBA,Management - BBA,Terry,Terry,20,19,2019,Yes,Walk,No,"Monday, Tuesday, Wednesday, Thursday, Friday",I typically do not come to campus outside of class,More than 20 minutes,A few times per week,5,Monday/Wednesday/Friday,50% of standard price
2026-09-25 10:43:43.923,,19,Female,White,2nd Year,Out-of-state,No,2029,"Not currently employed, but not looking for a job",Off-campus apartment or house,I am not receiving financial aid,None (0%),All (100%),No,"Yes, a sorority",4 or more,Intended (I've chosen my major(s) but haven't officially declared yet),Single major,Accounting - BBA,,Terry,,45,27,4527,Yes,Walk,No,"Monday, Tuesday, Wednesday, Thursday","Wednesday, Friday",More than 20 minutes,A few times per week,5,Either option would work for me,25% of standard price
2026-09-25 10:44:03.891,,19,Female,White,2nd Year,Out-of-state,No,Unsure,"Not currently employed, but not looking for a job",Fraternity or sorority house,I am not receiving financial aid,None (0%),All (100%),No,"Yes, a sorority",2,Declared (I've officially declared my major(s)),Single major,Biomedical Physiology - BS,,Vet Med,,99,27,9927,Yes,Walk,No,"Monday, Tuesday, Wednesday, Thursday, Friday",I typically do not come to campus outside of class,More than 20 minutes,Rarely,3,Monday/Wednesday/Friday,75% of standard price
2026-09-25 10:48:16.842,,20,Female,White,2nd Year,In-state,No,2029,"Not currently employed, but not looking for a job",Fraternity or sorority house,HOPE or Zell Miller Scholarship,Most or nearly all (76–99%),A small portion (1–25%),No,"Yes, a sorority",2,Declared (I've officially declared my major(s)),Single major,Biomedical Physiology - BS,,Vet Med,,88,26,8826,Yes,Walk,No,"Monday, Tuesday, Wednesday, Thursday, Friday",Wednesday,More than 20 minutes,A few times per week,5,Monday/Wednesday/Friday,50% of standard price
2026-09-25 10:49:32.604,,19,Female,White,2nd Year,Out-of-state,No,2029,"Not currently employed, but not looking for a job",Fraternity or sorority house,I am not receiving financial aid,None (0%),All (100%),No,"Yes, a sorority",2,Declared (I've officially declared my major(s)),Single major,Biology - BS,,Franklin,,27,11,2711,Yes,Walk,No,"Monday, Tuesday, Wednesday, Thursday, Friday",I typically do not come to campus outside of class,More than 20 minutes,Never,5,Either option would work for me,50% of standard price
2026-09-25 10:50:20.694,,19,Female,White,2nd Year,Out-of-state,No,2029,Employed part-time,Fraternity or sorority house,Tuition waiver ,Most or nearly all (76–99%),About one-quarter to one-half (26–50%),No,"Yes, a sorority",3,Declared (I've officially declared my major(s)),Single major,Regenerative Bioscience - BS,,CAES,,83,25,8325,Yes,Walk,No,"Monday, Tuesday, Wednesday, Thursday",Wednesday,More than 20 minutes,A few times per week,5,Tuesday/Thursday,50% of standard price
2026-09-25 10:52:02.850,,20,Female,"Asian, White",2nd Year,Out-of-state,No,2029,"Not currently employed, but not looking for a job",Fraternity or sorority house,I am not receiving financial aid,None (0%),All (100%),No,"Yes, a sorority",1,Intended (I've chosen my major(s) but haven't officially declared yet),Double major (or Co-Major),Finance - BBA,Real Estate - BBA,Terry,Terry,53,6,5306,Yes,UGA Bus,No,"Monday, Tuesday, Wednesday, Thursday, Friday",I typically do not come to campus outside of class,More than 20 minutes,A few times per week,5,Monday/Wednesday/Friday,50% of standard price
2026-09-25 10:53:23.579,,19,Female,White,2nd Year,In-state,No,2029,"Not currently employed, but looking for a job",Fraternity or sorority house,Student loans,Most or nearly all (76–99%),More than half (51–75%),No,"Yes, a sorority",2,Intended (I've chosen my major(s) but haven't officially declared yet),Single major,Health Promotion - BSHP,,Public Health,,63,9,6309,Yes,Walk,No,"Monday, Tuesday, Wednesday, Thursday",I typically do not come to campus outside of class,More than 20 minutes,Once a week,5,Tuesday/Thursday,50% of standard price
2026-09-25 10:53:42.981,,19,Female,White,2nd Year,Out-of-state,No,2029,Employed part-time,Fraternity or sorority house,"Student loans, Military scholarships",About one-quarter to one-half (26–50%),All (100%),No,"Yes, a sorority",2,Declared (I've officially declared my major(s)),Single major,Psychology - BS,,Franklin,,22,18,2218,No,Walk,No,"Monday, Tuesday, Wednesday, Thursday",I typically do not come to campus outside of class,More than 20 minutes,Never,1,I’m not interested in flexible parking,Same amount as the standard price
2026-09-25 10:54:47.873,,20,Female,White,2nd Year,Out-of-state,No,2029,Employed part-time,Fraternity or sorority house,Student loans,None (0%),All (100%),No,"Yes, a sorority",2,Intended (I've chosen my major(s) but haven't officially declared yet),Double major (or Co-Major),Economics - BBA,International Business - Co-Major,Terry,Terry,73,16,7316,No,Walk,No,"Monday, Tuesday, Wednesday, Thursday, Friday","Tuesday, Thursday",More than 20 minutes,A few times per week,5,Monday/Wednesday/Friday,75% of standard price
2026-09-25 10:59:00.152,,19,Female,White,2nd Year,In-state,No,2029,"Not currently employed, but not looking for a job",Fraternity or sorority house,HOPE or Zell Miller Scholarship,Most or nearly all (76–99%),Most or nearly all (76–99%),No,"Yes, a sorority",3,Intended (I've chosen my major(s) but haven't officially declared yet),Single major,Biology - BS,,Franklin,,69,9,6909,Yes,Walk,No,"Monday, Tuesday, Wednesday, Thursday",I typically do not come to campus outside of class,More than 20 minutes,Once a week,4,Either option would work for me,50% of standard price
2026-09-25 11:02:23.850,,19,Female,"Asian, White",2nd Year,In-state,No,2029,Employed part-time,Fraternity or sorority house,HOPE or Zell Miller Scholarship,Most or nearly all (76–99%),About one-quarter to one-half (26–50%),No,"Yes, a sorority",3,Declared (I've officially declared my major(s)),Single major,Pharmaceutical and Biomedical Sciences - BS,,Pharmacy,,13,12,1312,Yes,Walk,No,"Monday, Tuesday, Wednesday, Thursday, Friday",Tuesday,More than 20 minutes,Rarely,5,Tuesday/Thursday,25% of standard price
2026-09-25 11:05:04.639,,19,Female,White,2nd Year,Out-of-state,No,2029,"Not currently employed, but not looking for a job",Fraternity or sorority house,I am not receiving financial aid,None (0%),All (100%),No,"Yes, a sorority",2,Intended (I've chosen my major(s) but haven't officially declared yet),Double major (or Co-Major),International Business - Co-Major,Management Information Systems - BBA,Terry,Terry,95,17,9517,No,UGA Bus,No,"Monday, Tuesday, Wednesday, Thursday, Friday",I typically do not come to campus outside of class,More than 20 minutes,Daily,1,I’m not interested in flexible parking,50% of standard price
2026-09-25 11:17:48.342,,19,Female,Hispanic,2nd Year,In-state,No,2029,"Not currently employed, but looking for a job",Off-campus apartment or house,"HOPE or Zell Miller Scholarship, Student loans",More than half (51–75%),All (100%),No,"Yes, a sorority",3,Declared (I've officially declared my major(s)),Single major,Health Promotion - BSHP,,Public Health,,44,16,4416,Yes,Walk,No,"Monday, Wednesday, Thursday",I typically do not come to campus outside of class,More than 20 minutes,Rarely,5,Monday/Wednesday/Friday,50% of standard price
2026-09-25 11:45:22.495,,18,Female,White,2nd Year,Out-of-state,No,2029,Employed part-time,Fraternity or sorority house,Student loans,A small portion (1–25%),More than half (51–75%),No,"Yes, a sorority",3,Intended (I've chosen my major(s) but haven't officially declared yet),Single major,Accounting - BBA,,Terry,,97,19,9719,Yes,UGA Bus,No,"Monday, Tuesday, Wednesday, Thursday, Friday","Tuesday, Wednesday",More than 20 minutes,Daily,5,Tuesday/Thursday,25% of standard price
2026-09-26 10:43:19.811,,18,Male,White,1st Year,Out-of-state,No,2030 or later,"Not currently employed, but not looking for a job",On-campus residence hall or university housing,Academic scholarship,A small portion (1–25%),Most or nearly all (76–99%),No,"Yes, a fraternity",3,Intended (I've chosen my major(s) but haven't officially declared yet),Single major,Finance - BBA,,Terry,,20,13,2013,No,Walk,No,"Monday, Tuesday, Wednesday, Thursday, Friday","Monday, Tuesday, Wednesday, Thursday, Friday",16-20 mins,Once a week,2,I’m not interested in flexible parking,50% of standard price
2026-09-26 10:43:20.627,,18,Male,White,1st Year,In-state,No,2030 or later,"Not currently employed, but not looking for a job",On-campus residence hall or university housing,HOPE or Zell Miller Scholarship,Most or nearly all (76–99%),A small portion (1–25%),Yes,"Yes, a fraternity",4 or more,Declared (I've officially declared my major(s)),Single major,Biology - BS,,Franklin,,25,23,2523,No,Walk,No,"Monday, Tuesday, Wednesday, Thursday, Friday","Monday, Tuesday, Wednesday, Thursday, Friday",More than 20 minutes,Never,2,"I’m interested, but neither schedule would work for me",25% of standard price
2026-09-26 10:43:28.095,,18,Male,White,1st Year,In-state,No,2030 or later,"Not currently employed, but not looking for a job",On-campus residence hall or university housing,HOPE or Zell Miller Scholarship,More than half (51–75%),About one-quarter to one-half (26–50%),No,"Yes, a fraternity",2,Undeclared (I haven't chosen a major yet),,,,,,79,29,7929,Yes,Walk,Yes,"Monday, Tuesday, Wednesday, Thursday, Friday","Monday, Tuesday, Wednesday, Thursday, Friday",16-20 mins,Rarely,5,Monday/Wednesday/Friday,75% of standard price
2026-09-26 10:43:49.178,,18,Male,White,1st Year,In-state,No,2030 or later,"Not currently employed, but not looking for a job",On-campus residence hall or university housing,HOPE or Zell Miller Scholarship,More than half (51–75%),About one-quarter to one-half (26–50%),No,"Yes, a fraternity",None,Declared (I've officially declared my major(s)),Single major,Political Science - AB,,SPIA,,0,8,0008,Yes,Walk,Yes,"Monday, Tuesday, Wednesday, Thursday, Friday","Monday, Tuesday, Wednesday, Thursday, Friday",16-20 mins,Daily,3,I’m not interested in flexible parking,I am only interested in the standard full-week permit
2026-09-26 10:44:09.336,,18,Male,White,1st Year,In-state,No,2030 or later,"Not currently employed, but not looking for a job",On-campus residence hall or university housing,"HOPE or Zell Miller Scholarship, Student loans",All (100%),None (0%),No,No,3,Intended (I've chosen my major(s) but haven't officially declared yet),Single major,Management - BBA,,Terry,,22,26,2226,Yes,UGA Bus,Yes,"Monday, Tuesday, Wednesday, Thursday, Friday","Monday, Tuesday, Wednesday, Thursday, Friday",5-10 minutes,Daily,5,Monday/Wednesday/Friday,25% of standard price
2026-09-26 10:44:28.908,,18,Male,"White, Latino/Hispanic ",1st Year,In-state,No,2026,"Not currently employed, but not looking for a job",On-campus residence hall or university housing,HOPE or Zell Miller Scholarship,More than half (51–75%),All (100%),No,"Yes, a fraternity",1,Intended (I've chosen my major(s) but haven't officially declared yet),Double major (or Co-Major),International Business - Co-Major,Finance - BBA,Terry,Terry,12,30,1230,Yes,Walk,Yes,"Monday, Tuesday, Wednesday, Thursday, Friday","Monday, Tuesday, Wednesday, Thursday, Friday",More than 20 minutes,A few times per week,5,Monday/Wednesday/Friday,25% of standard price
2026-09-26 10:44:51.878,,18,Male,White,1st Year,In-state,No,2030 or later,"Not currently employed, but not looking for a job",On-campus residence hall or university housing,HOPE or Zell Miller Scholarship,Most or nearly all (76–99%),A small portion (1–25%),Yes,"Yes, a fraternity",4 or more,Declared (I've officially declared my major(s)),Single major,Management Information Systems - BBA,,Terry,,69,3,6903,Yes,Walk,Yes,"Monday, Tuesday, Wednesday, Thursday","Monday, Tuesday, Wednesday, Thursday, Friday",16-20 mins,A few times per week,3,Monday/Wednesday/Friday,50% of standard price
2026-09-26 10:45:13.112,,18,Male,"White, Latino",1st Year,In-state,No,2030 or later,"Not currently employed, but not looking for a job",On-campus residence hall or university housing,HOPE or Zell Miller Scholarship,Most or nearly all (76–99%),Most or nearly all (76–99%),No,"Yes, a fraternity",3,Declared (I've officially declared my major(s)),Double major (or Co-Major),Political Science - AB,International Affairs - AB,SPIA,SPIA,80,28,8028,Yes,Walk,Yes,"Monday, Tuesday, Wednesday, Thursday, Friday","Monday, Tuesday, Wednesday, Thursday, Friday",16-20 mins,A few times per week,2,I’m not interested in flexible parking,I am only interested in the standard full-week permit
2026-09-26 10:45:59.712,,18,Male,White,1st Year,In-state,Yes,2030 or later,"Not currently employed, but not looking for a job",Off-campus apartment or house,HOPE or Zell Miller Scholarship,Not sure,Most or nearly all (76–99%),No,"Yes, a fraternity",1,Intended (I've chosen my major(s) but haven't officially declared yet),Single major,Finance - BBA,,Terry,,22,3,2203,Yes,Walk,No,"Monday, Tuesday, Wednesday, Thursday, Friday","Monday, Tuesday, Wednesday, Thursday, Friday",16-20 mins,Rarely,4,Monday/Wednesday/Friday,50% of standard price
2026-09-26 10:46:25.332,,18,Male,White,1st Year,In-state,No,2030 or later,Employed part-time,On-campus residence hall or university housing,HOPE or Zell Miller Scholarship,Not sure,All (100%),No,"Yes, a fraternity",2,Intended (I've chosen my major(s) but haven't officially declared yet),Single major,Mechanical Engineering - BSME,,Engineering,,64,1,6401,No,Walk,No,"Monday, Tuesday, Wednesday, Thursday, Friday","Monday, Tuesday, Wednesday, Thursday, Friday",More than 20 minutes,Once a week,2,I’m not interested in flexible parking,I am only interested in the standard full-week permit
2026-09-26 10:47:15.155,,18,Male,White,1st Year,In-state,No,2030 or later,"Not currently employed, but not looking for a job",On-campus residence hall or university housing,HOPE or Zell Miller Scholarship,More than half (51–75%),Most or nearly all (76–99%),No,"Yes, a fraternity",None,Intended (I've chosen my major(s) but haven't officially declared yet),Single major,Finance - BBA,,Terry,,14,15,1415,No,Walk,No,"Monday, Tuesday, Wednesday, Thursday, Friday","Monday, Tuesday, Wednesday, Thursday, Friday",16-20 mins,Once a week,3,I’m not interested in flexible parking,25% of standard price
2026-09-26 10:47:26.766,,18,Male,White,1st Year,In-state,No,2030 or later,"Not currently employed, but not looking for a job",On-campus residence hall or university housing,HOPE or Zell Miller Scholarship,About one-quarter to one-half (26–50%),More than half (51–75%),No,"Yes, a fraternity",4 or more,Intended (I've chosen my major(s) but haven't officially declared yet),Single major,Risk Management and Insurance - BBA,,Terry,,49,3,4903,No,Walk,Yes,"Monday, Tuesday, Wednesday, Thursday, Friday","Monday, Tuesday, Wednesday, Thursday, Friday",11-15 minutes,Daily,2,I’m not interested in flexible parking,50% of standard price
2026-09-26 10:47:48.576,,18,Male,White,1st Year,In-state,No,2030 or later,"Not currently employed, but not looking for a job",On-campus residence hall or university housing,HOPE or Zell Miller Scholarship,Not sure,Most or nearly all (76–99%),No,"Yes, a fraternity",None,Intended (I've chosen my major(s) but haven't officially declared yet),Single major,Mechanical Engineering - BSME,,Engineering,,36,9,3609,Yes,Walk,Yes,"Monday, Tuesday, Wednesday, Thursday, Friday","Monday, Tuesday, Wednesday, Thursday, Friday",More than 20 minutes,Never,4,Monday/Wednesday/Friday,50% of standard price
2026-09-26 10:49:24.524,,18,Male,White,1st Year,In-state,No,2030 or later,"Not currently employed, but not looking for a job",On-campus residence hall or university housing,HOPE or Zell Miller Scholarship,Most or nearly all (76–99%),A small portion (1–25%),No,"Yes, a fraternity",3,Intended (I've chosen my major(s) but haven't officially declared yet),Single major,Accounting - BBA,,Terry,,18,14,1814,Yes,Personal Car,Yes,"Monday, Tuesday, Wednesday, Thursday, Friday","Monday, Tuesday, Wednesday, Thursday, Friday",11-15 minutes,Never,5,Tuesday/Thursday,25% of standard price
2026-09-26 10:53:27.365,,20,Male,White,2nd Year,In-state,Yes,2029,"Not currently employed, but looking for a job",Off-campus apartment or house,"HOPE or Zell Miller Scholarship, Student loans",Most or nearly all (76–99%),About one-quarter to one-half (26–50%),No,"Yes, a fraternity",None,Intended (I've chosen my major(s) but haven't officially declared yet),Single major,Exercise and Sport Science - BS,,Education,,36,31,3631,Yes,Walk,Yes,"Monday, Tuesday, Wednesday, Thursday, Friday","Monday, Tuesday, Wednesday, Thursday, Friday",More than 20 minutes,A few times per week,2,I’m not interested in flexible parking,I am only interested in the standard full-week permit
2026-09-26 10:54:16.013,,18,Male,White,1st Year,In-state,No,2030 or later,"Not currently employed, but not looking for a job",On-campus residence hall or university housing,HOPE or Zell Miller Scholarship,More than half (51–75%),About one-quarter to one-half (26–50%),No,"Yes, a fraternity",3,Declared (I've officially declared my major(s)),Single major,Finance - BBA,,Terry,,0,27,0027,Yes,Personal Car,Yes,"Monday, Tuesday, Wednesday, Thursday, Friday","Monday, Tuesday, Wednesday, Thursday, Friday",16-20 mins,Once a week,2,I’m not interested in flexible parking,50% of standard price
2026-09-26 10:55:34.080,,20,Male,"American Indian or Alaska Native, White",2nd Year,In-state,Yes,2029,"Not currently employed, but looking for a job",Off-campus apartment or house,HOPE or Zell Miller Scholarship,Most or nearly all (76–99%),All (100%),No,"Yes, a fraternity",3,Intended (I've chosen my major(s) but haven't officially declared yet),Single major,Finance - BBA,,Terry,,3,1,0301,Yes,Walk,No,"Monday, Tuesday, Wednesday, Thursday, Friday","Monday, Tuesday, Wednesday, Thursday, Friday",16-20 mins,A few times per week,5,Tuesday/Thursday,50% of standard price
2026-09-26 11:07:03.186,,19,Male,White,1st Year,In-state,No,2030 or later,"Not currently employed, but not looking for a job",On-campus residence hall or university housing,HOPE or Zell Miller Scholarship,More than half (51–75%),All (100%),No,"Yes, a fraternity",2,Intended (I've chosen my major(s) but haven't officially declared yet),Double major (or Co-Major),Finance - BBA,Real Estate - BBA,Terry,Terry,48,20,4820,Yes,Walk,Yes,"Monday, Tuesday, Wednesday, Thursday, Friday","Monday, Tuesday, Wednesday, Thursday, Friday",More than 20 minutes,Once a week,3,Either option would work for me,50% of standard price
2026-09-26 11:10:05.132,,18,Male,White,1st Year,Out-of-state,No,2030 or later,"Not currently employed, but not looking for a job",On-campus residence hall or university housing,Student loans,A small portion (1–25%),Most or nearly all (76–99%),No,"Yes, a fraternity",4 or more,Intended (I've chosen my major(s) but haven't officially declared yet),Single major,Accounting - BBA,,Terry,,96,23,9623,No,Walk,No,"Monday, Tuesday, Wednesday, Thursday, Friday","Monday, Tuesday, Wednesday, Thursday, Friday",More than 20 minutes,A few times per week,3,Either option would work for me,50% of standard price
2026-09-26 11:12:10.668,,19,Male,White,1st Year,In-state,No,2030 or later,"Not currently employed, but not looking for a job",On-campus residence hall or university housing,HOPE or Zell Miller Scholarship,None (0%),Prefer not to answer,Not sure,"Yes, a fraternity",1,Declared (I've officially declared my major(s)),Single major,Exercise and Sport Science - BS,,Education,,89,4,8904,No,Walk,No,"Monday, Tuesday, Wednesday","Monday, Tuesday, Wednesday, Thursday, Friday",More than 20 minutes,Daily,5,Either option would work for me,75% of standard price
2026-09-26 11:17:18.263,,19,Male,White,1st Year,In-state,No,2030 or later,,On-campus residence hall or university housing,HOPE or Zell Miller Scholarship,Most or nearly all (76–99%),About one-quarter to one-half (26–50%),No,"Yes, a fraternity",2,Intended (I've chosen my major(s) but haven't officially declared yet),Single major,Finance - BBA,,Terry,,75,11,7511,Yes,Walk,Yes,"Monday, Tuesday, Wednesday, Thursday, Friday","Monday, Tuesday, Wednesday, Thursday, Friday",16-20 mins,A few times per week,1,I’m not interested in flexible parking,25% of standard price
2026-09-26 16:14:12.069,,19,Male,White,2nd Year,In-state,No,2029,"Not currently employed, but looking for a job",Off-campus apartment or house,"HOPE or Zell Miller Scholarship, Student loans, Pell Grant",All (100%),None (0%),No,"Yes, a fraternity",2,Intended (I've chosen my major(s) but haven't officially declared yet),Single major,Mechanical Engineering - BSME,,Engineering,,1,2,0102,Yes,UGA Bus,Yes,"Monday, Wednesday, Friday","Monday, Tuesday, Wednesday, Thursday, Friday",More than 20 minutes,Daily,3,"I’m interested, but neither schedule would work for me",50% of standard price
2026-09-26 18:00:33.270,,19 Years,Male,White,2nd Year,In-state,Yes,2029,"Not currently employed, but looking for a job",Off-campus apartment or house,HOPE or Zell Miller Scholarship,Most or nearly all (76–99%),A small portion (1–25%),No,"Yes, a fraternity",2,Intended (I've chosen my major(s) but haven't officially declared yet),Single major,Real Estate - BBA,,Terry,,2,6,0206,Yes,Walk,No,"Monday, Tuesday, Wednesday, Thursday, Friday",I typically do not come to campus outside of class,More than 20 minutes,Never,5,Tuesday/Thursday,50% of standard price
2026-09-26 23:32:37.277,,18,Male,White,1st Year,In-state,No,2030 or later,Employed part-time,On-campus residence hall or university housing,"HOPE or Zell Miller Scholarship, Student loans",Not sure,Most or nearly all (76–99%),Yes,"Yes, a fraternity",2,Intended (I've chosen my major(s) but haven't officially declared yet),Single major,Finance - BBA,,Terry,,50,28,5028,Yes,Walk,Yes,"Monday, Tuesday, Wednesday, Thursday, Friday","Monday, Tuesday, Wednesday, Thursday, Friday",11-15 minutes,Rarely,2,"I’m interested, but neither schedule would work for me",50% of standard price
2026-09-27 14:07:37.906,,18,Male,White,1st Year,In-state,No,2030 or later,"Not currently employed, but not looking for a job",On-campus residence hall or university housing,HOPE or Zell Miller Scholarship,Most or nearly all (76–99%),A small portion (1–25%),No,"Yes, a fraternity",2,Intended (I've chosen my major(s) but haven't officially declared yet),Single major,Risk Management and Insurance - BBA,,Terry,,24,3,2403,No,Walk,No,"Monday, Tuesday, Wednesday, Thursday, Friday","Monday, Tuesday, Wednesday, Thursday, Friday",More than 20 minutes,Rarely,4,Either option would work for me,75% of standard price
