timestamp,recruiter,age,gender,race,year,residency,transfer,grad,job,housing,aid,grants,family,honors,greek,orgs,declared,majors,major1,major2,college1,college2,phone,bday,code,plans,exam,spent,resources,apply,barrier,cost,assist,pursue,skipped,choose
2026-09-16 13:09:14.251,,19,Male,White,2nd Year,Out-of-state,No,2029,"Not currently employed, but not looking for a job",Off-campus apartment or house,I am not receiving financial aid,None (0%),All (100%),No,"Yes, a fraternity",3,Declared (I've officially declared my major(s)),Single major,Biology - BS,,Franklin,,45,3,4503,Yes,MCAT,$0 - $49,Yes,Very likely,"Cost of study materials (books, practice tests, question banks, subscriptions)",4,One-on-one tutoring session,No,No,3
2026-09-16 13:10:20.136,,19 years of age,Male,White,1st Year,Out-of-state,No,2030 or later,"Not currently employed, but not looking for a job",On-campus residence hall or university housing,I am not receiving financial aid,None (0%),All (100%),No,"Yes, a fraternity",2,Intended (I've chosen my major(s) but haven't officially declared yet),Single major,Finance - BBA,,Terry,,56,3,5603,No,,,,,,,,,,
2026-09-16 13:16:37.174,,19,Male,White,2nd Year,Out-of-state,Yes,2029,"Not currently employed, but not looking for a job",Off-campus apartment or house,I am not receiving financial aid,None (0%),All (100%),No,"Yes, a fraternity",2,Intended (I've chosen my major(s) but haven't officially declared yet),Single major,Real Estate - BBA,,Terry,,27,24,2724,No,,,,,,,,,,
2026-09-16 13:36:26.749,,18,Male,White,1st Year,In-state,No,2030 or later,"Not currently employed, but not looking for a job",On-campus residence hall or university housing,HOPE or Zell Miller Scholarship,Not sure,Not sure,No,"Yes, a fraternity",1,Declared (I've officially declared my major(s)),Single major,Real Estate - BBA,,Terry,,98,13,9813,Undecided,,$0 - $49,Yes,Neither likely nor unlikely,"High cost of test preparation (prep courses, tutoring, study programs)",3,One-on-one tutoring session,Yes,Yes,3
2026-09-16 13:58:23.967,,18,Male,"Native Hawaiian or Other Pacific Islander, White",1st Year,In-state,No,2030 or later,"Not currently employed, but not looking for a job",On-campus residence hall or university housing,HOPE or Zell Miller Scholarship,All (100%),None (0%),No,"Yes, a fraternity",1,Declared (I've officially declared my major(s)),Single major,Biology - BS,,Franklin,,46,26,4626,Yes,MCAT,$0 - $49,Yes,Somewhat likely,"Limited time to prepare while balancing coursework, work, and extracurriculars",2,One-on-one tutoring session,No,No,2
2026-09-16 14:20:40.659,,18,Male,White,1st Year,In-state,No,2030 or later,"Not currently employed, but not looking for a job",On-campus residence hall or university housing,HOPE or Zell Miller Scholarship,About one-quarter to one-half (26–50%),More than half (51–75%),No,"Yes, a fraternity",None,Declared (I've officially declared my major(s)),Single major,Nutritional Sciences - BSFCS,,FACS,,6,5,0605,Yes,MCAT,$0 - $49,Yes,Very likely,"Limited time to prepare while balancing coursework, work, and extracurriculars",3,Booklets,No,No,3
2026-09-16 14:35:46.338,,18,Male,White,1st Year,In-state,No,2030 or later,"Not currently employed, but not looking for a job",On-campus residence hall or university housing,HOPE or Zell Miller Scholarship,More than half (51–75%),About one-quarter to one-half (26–50%),No,"Yes, a fraternity",2,Intended (I've chosen my major(s) but haven't officially declared yet),Single major,Finance - BBA,,Terry,,8,29,0829,No,,,,,,,,,,
2026-09-16 14:50:17.763,,19,Male,White,1st Year,Out-of-state,No,2030 or later,Employed part-time,On-campus residence hall or university housing,Student loans,A small portion (1–25%),Most or nearly all (76–99%),No,"Yes, a fraternity",1,Intended (I've chosen my major(s) but haven't officially declared yet),Single major,,,,,14,27,1427,Yes,LSAT,$0 - $49,Yes,Somewhat likely,"Limited time to prepare while balancing coursework, work, and extracurriculars",3,In-person class tutoring,Yes,No,5
2026-09-16 20:28:45.223,,19,Male,White,2nd Year,In-state,No,2029,"Not currently employed, but not looking for a job",Fraternity or sorority house,HOPE or Zell Miller Scholarship,All (100%),More than half (51–75%),No,"Yes, a fraternity",2,Declared (I've officially declared my major(s)),Single major,Biology - BS,,Franklin,,25,7,2507,Yes,MCAT,$100 - $149,Yes,Somewhat likely,Exam registration and application fees,5,Application fee,Yes,Yes,4
2026-09-17 11:41:01.707,,21,Male,White,4th Year,In-state,No,2027,Employed part-time,Off-campus apartment or house,"HOPE or Zell Miller Scholarship, Student loans",About one-quarter to one-half (26–50%),None (0%),Yes,No,2,Declared (I've officially declared my major(s)),Single major,Biochemical Engineering - BSBCHE,,Engineering,,59,15,5915,Yes,GRE,$0 - $49,Yes,Very likely,"High cost of test preparation (prep courses, tutoring, study programs)",5,Application fee,Yes,Yes,4
2026-09-17 11:41:08.360,,20,Male,White,2nd Year,In-state,No,2029,Employed part-time,Off-campus apartment or house,HOPE or Zell Miller Scholarship,About one-quarter to one-half (26–50%),A small portion (1–25%),Yes,No,2,Intended (I've chosen my major(s) but haven't officially declared yet),Single major,Computer Science - BS,,Franklin,,12,11,1211,No,,,,,,,,,,
2026-09-17 11:41:13.554,,19,Male,White,3rd Year,Out-of-state,No,2028,"Not currently employed, but looking for a job",On-campus residence hall or university housing,I am not receiving financial aid,A small portion (1–25%),Most or nearly all (76–99%),Yes,No,4 or more,Declared (I've officially declared my major(s)),Single major,Biochemistry and Molecular Biology - BS,,Franklin,,53,2,5302,Yes,MCAT,$0 - $49,Yes,Very likely,"Cost of study materials (books, practice tests, question banks, subscriptions)",5,Booklets,Possibly/unsure,Yes,4
2026-09-17 11:41:21.314,,18,Male,Asian,1st Year,In-state,No,2030 or later,"Not currently employed, but looking for a job",On-campus residence hall or university housing,HOPE or Zell Miller Scholarship,Not sure,Not sure,Yes,No,1,Intended (I've chosen my major(s) but haven't officially declared yet),Single major,Biological Engineering - BSBE,,Engineering,,5,31,0531,No,,,,,,,,,,
2026-09-17 11:41:38.679,,19,Female,White,1st Year,Out-of-state,No,2030 or later,"Not currently employed, but looking for a job",On-campus residence hall or university housing,I am not receiving financial aid,More than half (51–75%),More than half (51–75%),Yes,"Yes, a sorority",2,Intended (I've chosen my major(s) but haven't officially declared yet),Double major (or Co-Major),Public Relations - AB,Finance - BBA,Grady,Terry,93,26,9326,Yes,GRE,$0 - $49,Yes,Very likely,"High cost of test preparation (prep courses, tutoring, study programs)",4,One-on-one tutoring session,Yes,Possibly/unsure,5
2026-09-17 11:41:45.957,,20,Female,,3rd Year,In-state,No,2028,Employed part-time,On-campus residence hall or university housing,HOPE or Zell Miller Scholarship,About one-quarter to one-half (26–50%),About one-quarter to one-half (26–50%),Yes,No,4 or more,Declared (I've officially declared my major(s)),Double major (or Co-Major),Advertising - AB,Theatre - AB,Grady,Franklin,79,28,7928,Undecided,,$0 - $49,Yes,Somewhat likely,"High cost of test preparation (prep courses, tutoring, study programs)",5,Application fee,Yes,Yes,4
2026-09-17 11:42:12.397,,19,Female,White,2nd Year,In-state,No,2029,"Not currently employed, but looking for a job",Fraternity or sorority house,HOPE or Zell Miller Scholarship,Most or nearly all (76–99%),Most or nearly all (76–99%),Yes,"Yes, a sorority",1,Intended (I've chosen my major(s) but haven't officially declared yet),Single major,Elementary Education - BSED,,Education,,21,12,2112,Yes,,$0 - $49,Yes,Somewhat likely,"Limited time to prepare while balancing coursework, work, and extracurriculars",2,One-on-one tutoring session,Possibly/unsure,No,3
2026-09-17 11:42:13.257,,18,Male,White,1st Year,In-state,No,2030 or later,"Not currently employed, but not looking for a job",On-campus residence hall or university housing,HOPE or Zell Miller Scholarship,More than half (51–75%),About one-quarter to one-half (26–50%),Yes,"Yes, a fraternity",2,Intended (I've chosen my major(s) but haven't officially declared yet),Single major,Finance - BBA,,Terry,,78,17,7817,Undecided,MCAT,$0 - $49,Yes,Somewhat likely,Cost of taking the exam multiple times,3,Application fee,Yes,Possibly/unsure,3
2026-09-17 11:44:45.527,,17 years,Female,White,1st Year,Out-of-state,No,2030 or later,"Not currently employed, but not looking for a job",On-campus residence hall or university housing,Classic scholarship from UGA,About one-quarter to one-half (26–50%),Most or nearly all (76–99%),Yes,"Yes, a sorority",2,Declared (I've officially declared my major(s)),Double major (or Co-Major),Political Science - AB,Journalism - AB,SPIA,Grady,40,21,4021,Yes,LSAT,$0 - $49,Yes,Very likely,"Limited time to prepare while balancing coursework, work, and extracurriculars",3,One-on-one tutoring session,Yes,No,4
2026-09-17 13:11:15.987,,21,Female,White,3rd Year,In-state,No,2028,"Not currently employed, but not looking for a job",Off-campus apartment or house,HOPE or Zell Miller Scholarship,Most or nearly all (76–99%),A small portion (1–25%),Yes,"Yes, a sorority",3,Declared (I've officially declared my major(s)),Single major,Animal Biosciences - BS,,CAES,,31,4,3104,No,,,,,,,,,,
2026-09-17 13:11:37.125,,20,Male,White,3rd Year,In-state,No,2027,Employed part-time,Off-campus apartment or house,"HOPE or Zell Miller Scholarship, Student loans",More than half (51–75%),About one-quarter to one-half (26–50%),Yes,No,3,Declared (I've officially declared my major(s)),Single major,Accounting - BBA,,Terry,,0,20,0020,No,,,,,,,,,,
2026-09-17 13:12:14.705,,19,Male,White,2nd Year,In-state,No,2028,"Not currently employed, but not looking for a job",On-campus residence hall or university housing,HOPE or Zell Miller Scholarship,About one-quarter to one-half (26–50%),A small portion (1–25%),Yes,No,2,Intended (I've chosen my major(s) but haven't officially declared yet),Single major,Risk Management and Insurance - BBA,,Terry,,8,14,0814,Yes,LSAT,$0 - $49,Yes,Somewhat likely,"Cost of study materials (books, practice tests, question banks, subscriptions)",3,Booklets,Possibly/unsure,No,4
2026-09-17 13:12:54.978,,20,Male,White,2nd Year,In-state,No,2029,"Not currently employed, but not looking for a job",Off-campus apartment or house,HOPE or Zell Miller Scholarship,Most or nearly all (76–99%),A small portion (1–25%),Yes,No,2,Declared (I've officially declared my major(s)),Single major,Mechanical Engineering - BSME,,Engineering,,67,10,6710,No,,,,,,,,,,
2026-09-17 13:13:14.580,,20,Female,White,3rd Year,In-state,No,2028,"Not currently employed, but not looking for a job",Off-campus apartment or house,HOPE or Zell Miller Scholarship,A small portion (1–25%),Most or nearly all (76–99%),Yes,"Yes, a sorority",3,Declared (I've officially declared my major(s)),Single major,Mechanical Engineering - BSME,,Engineering,,19,10,1910,Undecided,FE Exam,$0 - $49,Yes,Very likely,"Limited time to prepare while balancing coursework, work, and extracurriculars",3,Booklets,Yes,No,4
2026-09-17 13:14:38.602,,22,Male,White,4th Year,In-state,No,2027,Employed part-time,Off-campus apartment or house,HOPE or Zell Miller Scholarship,Not sure,Not sure,Yes,No,2,Declared (I've officially declared my major(s)),Single major,Electrical and Electronics Engineering - BSEE,,Engineering,,50,7,5007,Undecided,GRE,$0 - $49,Yes,Somewhat likely,"Limited time to prepare while balancing coursework, work, and extracurriculars",4,Application fee,Possibly/unsure,No,3
2026-09-17 13:19:21.094,,23,Female,White,3rd Year,In-state,Yes,2028,"Not currently employed, but not looking for a job",Off-campus apartment or house,HOPE or Zell Miller Scholarship,Most or nearly all (76–99%),A small portion (1–25%),Yes,No,3,Declared (I've officially declared my major(s)),Single major,Agriscience and Environmental Systems - BSA,,CAES,,35,13,3513,Yes,MCAT,$0 - $49,Unsure/Undecided,Neither likely nor unlikely,Cost of taking the exam multiple times,4,One-on-one tutoring session,Yes,Possibly/unsure,3
2026-09-17 13:26:03.925,,18,Female,Asian,1st Year,In-state,No,2030 or later,"Not currently employed, but not looking for a job",On-campus residence hall or university housing,HOPE or Zell Miller Scholarship,More than half (51–75%),More than half (51–75%),Yes,No,4 or more,Intended (I've chosen my major(s) but haven't officially declared yet),Single major,Cellular Biology - BS,,Franklin,,36,8,3608,Yes,MCAT,$0 - $49,Unsure/Undecided,Very likely,"High cost of test preparation (prep courses, tutoring, study programs)",5,One-on-one tutoring session,Yes,Yes,2
2026-09-17 15:48:25.779,,19,Female,White,1st Year,Out-of-state,No,2030 or later,"Not currently employed, but not looking for a job",On-campus residence hall or university housing,Foundation fellowship,All (100%),None (0%),Yes,"Yes, a sorority",3,Declared (I've officially declared my major(s)),Double major (or Co-Major),International Affairs - AB,Russian - AB,SPIA,Franklin,2,1,0201,No,,,,,,,,,,
2026-09-22 12:53:03.482,,19,Male,Asian,2nd Year,In-state,No,2029,"Not currently employed, but looking for a job",Off-campus apartment or house,HOPE or Zell Miller Scholarship,Most or nearly all (76–99%),All (100%),No,No,4 or more,Intended (I've chosen my major(s) but haven't officially declared yet),Single major,Management Information Systems - BBA,,Terry,,97,2,9702,No,,,,,,,,,,
2026-09-22 12:54:04.214,,19,Male,Asian,2nd Year,In-state,No,2029,"Not currently employed, but looking for a job",Off-campus apartment or house,HOPE or Zell Miller Scholarship,Most or nearly all (76–99%),A small portion (1–25%),Yes,No,3,Declared (I've officially declared my major(s)),Double major (or Co-Major),Regenerative Bioscience - BS,Economics - AB,CAES,Terry,58,3,5803,Yes,MCAT,$0 - $49,Yes,Very likely,"High cost of test preparation (prep courses, tutoring, study programs)",2,In-person class tutoring,Yes,Yes,4
2026-09-22 12:54:38.136,,19,Female,Asian,2nd Year,In-state,No,2029,"Not currently employed, but not looking for a job",Off-campus apartment or house,HOPE or Zell Miller Scholarship,Most or nearly all (76–99%),A small portion (1–25%),No,No,2,Intended (I've chosen my major(s) but haven't officially declared yet),Double major (or Co-Major),Finance - BBA,Management Information Systems - BBA,Terry,Terry,93,25,9325,No,,,,,,,,,,
2026-09-22 12:54:42.286,,19,Male,Asian,2nd Year,In-state,No,2028,"Not currently employed, but looking for a job",Off-campus apartment or house,HOPE or Zell Miller Scholarship,More than half (51–75%),About one-quarter to one-half (26–50%),No,No,2,Declared (I've officially declared my major(s)),Single major,Mechanical Engineering - BSME,,Engineering,,94,1,9401,No,,,,,,,,,,
2026-09-22 12:55:33.161,,19,Male,White,2nd Year,Out-of-state,No,2029,"Not currently employed, but looking for a job",Fraternity or sorority house,Classic Scholarship,A small portion (1–25%),More than half (51–75%),No,"Yes, a fraternity",4 or more,Intended (I've chosen my major(s) but haven't officially declared yet),Double major (or Co-Major),Finance - BBA,Real Estate - BBA,Terry,Terry,13,2,1302,No,,,,,,,,,,
2026-09-22 12:55:42.016,,20 years ,Female,White,3rd Year,In-state,No,2028,Employed part-time,Off-campus apartment or house,HOPE or Zell Miller Scholarship,Most or nearly all (76–99%),All (100%),No,"Yes, a sorority",3,Declared (I've officially declared my major(s)),Single major,Economics - BBA,,Terry,,89,15,8915,No,,,,,,,,,,
2026-09-22 14:55:01.107,,19,Female,White,2nd Year,In-state,No,2029,"Not currently employed, but not looking for a job",Fraternity or sorority house,HOPE or Zell Miller Scholarship,All (100%),A small portion (1–25%),Yes,"Yes, a sorority",3,Intended (I've chosen my major(s) but haven't officially declared yet),Single major,Finance - BBA,,Terry,,95,12,9512,No,,,,,,,,,,
2026-09-22 14:59:28.299,,20,Male,Asian,3rd Year,In-state,No,2027,"Not currently employed, but not looking for a job",Off-campus apartment or house,HOPE or Zell Miller Scholarship,A small portion (1–25%),About one-quarter to one-half (26–50%),No,No,3,Declared (I've officially declared my major(s)),Single major,Management - BBA,,Terry,,93,7,9307,No,,,,,,,,,,
2026-09-22 14:59:32.885,,21,Female,Asian,4th Year,In-state,No,2027,"Not currently employed, but not looking for a job",Off-campus apartment or house,HOPE or Zell Miller Scholarship,Most or nearly all (76–99%),A small portion (1–25%),No,No,2,Declared (I've officially declared my major(s)),Single major,Risk Management and Insurance - BBA,,Terry,,65,13,6513,No,,,,,,,,,,
2026-09-22 14:59:44.725,,21,Female,Prefer not to answer,4th Year,In-state,No,2027,Employed part-time,Off-campus apartment or house,HOPE or Zell Miller Scholarship,Most or nearly all (76–99%),Most or nearly all (76–99%),Yes,No,4 or more,Declared (I've officially declared my major(s)),Single major,Mechanical Engineering - BSME,,Engineering,,73,6,7306,Yes,GRE,$0 - $49,Unsure/Undecided,Somewhat likely,"Limited time to prepare while balancing coursework, work, and extracurriculars",5,,,,
2026-09-22 14:59:47.319,,21,Male,White,3rd Year,In-state,No,2028,Employed part-time,Off-campus apartment or house,HOPE or Zell Miller Scholarship,About one-quarter to one-half (26–50%),More than half (51–75%),No,No,3,Declared (I've officially declared my major(s)),Single major,Risk Management and Insurance - BBA,,Terry,,43,7,4307,No,,,,,,,,,,
2026-09-22 14:59:53.392,,22,Male,White,3rd Year,In-state,No,2028,Employed part-time,Off-campus apartment or house,"HOPE or Zell Miller Scholarship, Fellowship Stipend",Most or nearly all (76–99%),Most or nearly all (76–99%),No,No,4 or more,Declared (I've officially declared my major(s)),Single major,Finance - BBA,,Terry,,47,22,4722,No,,,,,,,,,,
2026-09-22 15:00:02.947,,21,Male,White,4th Year,Out-of-state,No,2027,"Not currently employed, but not looking for a job",Off-campus apartment or house,I am not receiving financial aid,None (0%),All (100%),No,"Yes, a fraternity",4 or more,Declared (I've officially declared my major(s)),Single major,Finance - BBA,,Terry,,2,10,0210,No,,,,,,,,,,
2026-09-22 15:00:31.108,,21,Female,White,4th Year,Out-of-state,No,2026,Employed part-time,Off-campus apartment or house,I am not receiving financial aid,None (0%),None (0%),No,"Yes, a sorority",4 or more,Declared (I've officially declared my major(s)),,Management - BBA,,Terry,,46,8,4608,No,,,,,,,,,,
2026-09-22 15:00:51.959,,21,Male,White,4th Year,Out-of-state,No,2027,Employed part-time,Off-campus apartment or house,"Student loans, Classic Scholarship",About one-quarter to one-half (26–50%),Most or nearly all (76–99%),Yes,"Yes, a fraternity",4 or more,Declared (I've officially declared my major(s)),Single major,Mechanical Engineering - BSME,,Engineering,,69,6,6906,Yes,FE,$0 - $49,Yes,Very likely,"Limited time to prepare while balancing coursework, work, and extracurriculars",4,In-person class tutoring,Yes,Yes,3
2026-09-22 15:16:07.804,,19,Male,Asian,2nd Year,In-state,No,2029,"Not currently employed, but looking for a job",Off-campus apartment or house,HOPE or Zell Miller Scholarship,More than half (51–75%),More than half (51–75%),No,No,3,Intended (I've chosen my major(s) but haven't officially declared yet),Single major,Economics - BBA,,Terry,,99,27,9927,Yes,LSAT,$0 - $49,Yes,Very likely,"Limited time to prepare while balancing coursework, work, and extracurriculars",4,Application fee,Yes,No,4
2026-09-25 10:29:07.240,,20,Female,Black or African American,3rd Year,In-state,No,2028,"Not currently employed, but looking for a job",Off-campus apartment or house,"HOPE or Zell Miller Scholarship, Student loans",Most or nearly all (76–99%),A small portion (1–25%),No,"Yes, a sorority",4 or more,Declared (I've officially declared my major(s)),Single major,Biomedical Physiology - BS,,Vet Med,,6,15,0615,Yes,MCAT,$0 - $49,Yes,Very likely,"Limited time to prepare while balancing coursework, work, and extracurriculars",4,Booklets,Yes,Yes,2
2026-09-28 19:53:02.724,Conner,19,Female,White,2nd Year,Out-of-state,No,2029,Employed part-time,Fraternity or sorority house,I am not receiving financial aid,None (0%),About one-quarter to one-half (26–50%),No,"Yes, a sorority",4 or more,Intended (I've chosen my major(s) but haven't officially declared yet),Double major (or Co-Major),Marketing - BBA,Psychology - BS,Terry,Franklin,77,5,7705,No,,,,,,,,,,
2026-09-28 19:53:23.317,Conner,19,Female,White,2nd Year,Out-of-state,No,2029,Employed part-time,Fraternity or sorority house,I am not receiving financial aid,None (0%),None (0%),No,"Yes, a sorority",2,Declared (I've officially declared my major(s)),Single major,Political Science - BS,,SPIA,,6,22,0622,Yes,LSAT,$0 - $49,Unsure/Undecided,Very likely,"High cost of test preparation (prep courses, tutoring, study programs)",5,Booklets,Yes,Yes,3
2026-09-28 19:53:37.145,Conner,19,Female,White,2nd Year,In-state,No,2029,"Not currently employed, but not looking for a job",Fraternity or sorority house,HOPE or Zell Miller Scholarship,More than half (51–75%),All (100%),No,"Yes, a sorority",2,Declared (I've officially declared my major(s)),Single major,Psychology - BS,,Franklin,,0,6,0006,Yes,GRE,$0 - $49,Yes,Very likely,"Limited time to prepare while balancing coursework, work, and extracurriculars",5,Application fee,Possibly/unsure,No,5
2026-09-28 19:58:11.709,Conner,19,Female,White,2nd Year,Out-of-state,No,2029,Employed part-time,Fraternity or sorority house,I am not receiving financial aid,A small portion (1–25%),Most or nearly all (76–99%),No,"Yes, a sorority",4 or more,Intended (I've chosen my major(s) but haven't officially declared yet),Single major,Finance - BBA,,Terry,,73,6,7306,No,,,,,,,,,,
2026-09-28 19:59:54.906,Conner,19,Female,White,2nd Year,In-state,No,2029,"Not currently employed, but looking for a job",Fraternity or sorority house,HOPE or Zell Miller Scholarship,All (100%),All (100%),No,"Yes, a sorority",4 or more,Declared (I've officially declared my major(s)),Single major,Advertising - AB,,Grady,,20,15,2015,No,,,,,,,,,,
2026-09-28 20:00:43.643,Conner,19,Female,White,2nd Year,In-state,No,2029,"Not currently employed, but not looking for a job",Fraternity or sorority house,"HOPE or Zell Miller Scholarship, Student loans",A small portion (1–25%),A small portion (1–25%),No,"Yes, a sorority",1,Intended (I've chosen my major(s) but haven't officially declared yet),Single major,Marketing - BBA,,Terry,,9,21,0921,No,,,,,,,,,,
2026-09-28 20:01:06.862,Conner,19,Female,White,3rd Year,Out-of-state,No,2029,Employed part-time,Fraternity or sorority house,I am not receiving financial aid,None (0%),All (100%),No,"Yes, a sorority",2,Intended (I've chosen my major(s) but haven't officially declared yet),Double major (or Co-Major),Finance - BBA,International Business - Co-Major,Terry,Terry,46,13,4613,No,,,,,,,,,,
2026-09-28 20:01:11.334,Conner,19,Female,"Asian, White",3rd Year,Out-of-state,No,2028,Employed part-time,Fraternity or sorority house,I am not receiving financial aid,A small portion (1–25%),All (100%),Yes,"Yes, a sorority",4 or more,Declared (I've officially declared my major(s)),Single major,Risk Management and Insurance - BBA,,Terry,,3,10,0310,Yes,LSAT,$0 - $49,Yes,Very likely,"Limited time to prepare while balancing coursework, work, and extracurriculars",5,Booklets,Yes,Yes,5
2026-09-28 20:04:11.844,Conner,19,Female,White,3rd Year,Out-of-state,No,2029,"Not currently employed, but not looking for a job",Fraternity or sorority house,None,A small portion (1–25%),All (100%),No,"Yes, a sorority",2,Declared (I've officially declared my major(s)),Single major,Biochemistry and Molecular Biology - BS,,Franklin,,21,27,2127,Yes,GRE,$0 - $49,No,Very likely,"Limited time to prepare while balancing coursework, work, and extracurriculars",3,In-person class tutoring,Yes,No,2
2026-09-28 20:04:46.292,Conner,19,Female,White,2nd Year,Out-of-state,No,2029,"Not currently employed, but not looking for a job",Fraternity or sorority house,,About one-quarter to one-half (26–50%),About one-quarter to one-half (26–50%),No,"Yes, a sorority",3,Declared (I've officially declared my major(s)),Single major,Biochemistry and Molecular Biology - BS,,Franklin,,,,,,,,,,,,,,,
2026-09-28 20:08:04.936,Conner,18,Female,White,2nd Year,Out-of-state,No,2029,Employed part-time,Fraternity or sorority house,"Student loans, Fafsa",About one-quarter to one-half (26–50%),More than half (51–75%),No,"Yes, a sorority",2,Declared (I've officially declared my major(s)),Single major,Management - BBA,,Terry,,0,12,0012,Undecided,LSAT,$0 - $49,Yes,Very likely,"High cost of test preparation (prep courses, tutoring, study programs)",3,One-on-one tutoring session,Yes,Yes,3
2026-09-28 20:10:07.440,Conner,19,Female,White,2nd Year,Out-of-state,No,2029,Employed full-time,Fraternity or sorority house,Classic Scholarship,A small portion (1–25%),Most or nearly all (76–99%),Yes,"Yes, a sorority",2,Declared (I've officially declared my major(s)),Double major (or Co-Major),Psychology - BS,Communication Studies - AB,Franklin,Franklin,68,19,6819,Yes,MCAT,$0 - $49,Unsure/Undecided,Very unlikely,"Limited time to prepare while balancing coursework, work, and extracurriculars",1,One-on-one tutoring session,No,No,1
2026-09-28 20:11:54.277,Conner,19,Female,White,2nd Year,Out-of-state,No,2029,Employed part-time,Fraternity or sorority house,Student loans,Most or nearly all (76–99%),All (100%),No,"Yes, a sorority",3,Intended (I've chosen my major(s) but haven't officially declared yet),Single major,Health Promotion - BSHP,,Public Health,,30,29,3029,Yes,DAT,$0 - $49,Unsure/Undecided,Somewhat unlikely,"Limited time to prepare while balancing coursework, work, and extracurriculars",2,Booklets,Yes,No,4
2026-09-28 20:13:17.432,Conner,19,Female,White,2nd Year,Out-of-state,No,2029,"Not currently employed, but looking for a job",Fraternity or sorority house,I am not receiving financial aid,A small portion (1–25%),All (100%),No,"Yes, a sorority",4 or more,Declared (I've officially declared my major(s)),Single major,Biochemistry and Molecular Biology - BS,,Franklin,,63,5,6305,Yes,MCAT,$0 - $49,Unsure/Undecided,Somewhat likely,"Limited time to prepare while balancing coursework, work, and extracurriculars",3,Application fee,No,Yes,5
2026-09-28 20:19:04.403,Conner,19,Female,White,2nd Year,In-state,No,2029,"Not currently employed, but looking for a job",Fraternity or sorority house,HOPE or Zell Miller Scholarship,Most or nearly all (76–99%),A small portion (1–25%),No,"Yes, a sorority",2,Declared (I've officially declared my major(s)),Single major,Advertising - AB,,Grady,,33,26,3326,No,,,,,,,,,,
