timestamp,recruiter,age,gender,race,year,residency,transfer,grad,job,housing,aid,grants,family,honors,greek,orgs,declared,majors,major1,major2,college1,college2,phone,bday,code,needed,issues,likely,helptype,avoided,access,comfort,aware,wait
2026-09-17 16:38:04.629,,18,Male,Asian,1st Year,In-state,No,2030 or later,"Not currently employed, but looking for a job",On-campus residence hall or university housing,HOPE or Zell Miller Scholarship,Most or nearly all (76–99%),About one-quarter to one-half (26–50%),No,No,2,Intended (I've chosen my major(s) but haven't officially declared yet),Single major,Finance - BBA,,Terry,,72,6,7206,No,None of these,3,Housing/Lease Disputes,No,No preference,3,"Yes, but I have not used them",Same day
2026-09-17 16:44:22.976,,20,Female,Asian,3rd Year,In-state,No,2028,Employed part-time,Off-campus apartment or house,HOPE or Zell Miller Scholarship,All (100%),None (0%),Yes,"Yes, a sorority",4 or more,Declared (I've officially declared my major(s)),Double major (or Co-Major),Finance - BBA,Management Information Systems - BBA,Terry,Terry,28,3,2803,No,None of these,2,"Housing/Lease Disputes, Employment Issues",No,Virtual (video call),4,No,About a week
2026-09-17 16:45:55.514,,19,Male,White,1st Year,In-state,No,2029,"Not currently employed, but not looking for a job",On-campus residence hall or university housing,HOPE or Zell Miller Scholarship,About one-quarter to one-half (26–50%),More than half (51–75%),Yes,No,4 or more,Intended (I've chosen my major(s) but haven't officially declared yet),Single major,Risk Management and Insurance - BBA,,Terry,,20,26,2026,No,Academic disputes,3,"Housing/Lease Disputes, Academic Disputes",N/A,In-person on campus,4,No,About a week
2026-09-17 16:47:32.609,,18,Male,Asian,1st Year,In-state,No,2030 or later,"Not currently employed, but looking for a job",On-campus residence hall or university housing,HOPE or Zell Miller Scholarship,Most or nearly all (76–99%),All (100%),Yes,No,4 or more,Intended (I've chosen my major(s) but haven't officially declared yet),Double major (or Co-Major),Finance - BBA,Computer Science - BS,Terry,Franklin,86,18,8618,No,None of these,2,Academic Disputes,No,No preference,3,No,1-3 days
2026-09-17 17:46:29.952,,19,Male,Asian,1st Year,In-state,No,2030 or later,"Not currently employed, but not looking for a job",On-campus residence hall or university housing,HOPE or Zell Miller Scholarship,Most or nearly all (76–99%),None (0%),No,No,1,Intended (I've chosen my major(s) but haven't officially declared yet),Single major,Mechanical Engineering - BSME,,Engineering,,40,20,4020,No,"None of these, ",4,"Academic Disputes, Consumer/Contract Issues, Transportation",Yes,Phone consultation,4,"Yes, but I have not used them",About a week
2026-09-17 17:54:29.726,,18,Female,White,1st Year,In-state,No,2030 or later,"Not currently employed, but not looking for a job",On-campus residence hall or university housing,HOPE or Zell Miller Scholarship,Most or nearly all (76–99%),A small portion (1–25%),No,No,3,Declared (I've officially declared my major(s)),Single major,Fashion Merchandising - BSFCS,,FACS,,56,8,5608,No,None of these,5,"Housing/Lease Disputes, Employment Issues, Academic Disputes, Transportation",No,Phone consultation,5,No,Same day
2026-09-21 18:44:24.022,,18,Female,White,1st Year,In-state,No,2030 or later,"Not currently employed, but not looking for a job",On-campus residence hall or university housing,HOPE or Zell Miller Scholarship,A small portion (1–25%),All (100%),No,"Yes, a sorority",2,Intended (I've chosen my major(s) but haven't officially declared yet),Single major,Exercise and Sport Science - BS,,Education,,55,19,5519,No,None of these,1,"Housing/Lease Disputes, Employment Issues",No,In-person on campus,3,"Yes, but I have not used them",1-3 days
2026-09-21 18:45:41.725,,19,Female,White,2nd Year,In-state,No,2029,Employed part-time,Off-campus apartment or house,HOPE or Zell Miller Scholarship,Most or nearly all (76–99%),All (100%),No,"Yes, a sorority",2,Intended (I've chosen my major(s) but haven't officially declared yet),Double major (or Co-Major),Dietetics - BSFCS,Culinary Science and Nutrition - BSFCS,FACS,FACS,10,10,1010,No,None of these,3,Housing/Lease Disputes,No,No preference,4,No,1-3 days
2026-09-21 18:46:27.648,,20,Female,White,3rd Year,In-state,No,2028,Employed part-time,Off-campus apartment or house,"HOPE or Zell Miller Scholarship, third party scholarships",More than half (51–75%),More than half (51–75%),Yes,"Yes, a sorority",4 or more,Declared (I've officially declared my major(s)),Single major,Risk Management and Insurance - BBA,,Terry,,35,24,3524,"Yes, I have",None of these,2,"Housing/Lease Disputes, Consumer/Contract Issues",Yes,No preference,4,No,About a week
2026-09-21 18:47:25.861,,18,Female,Black or African American,1st Year,In-state,No,2030 or later,"Not currently employed, but looking for a job",On-campus residence hall or university housing,HOPE or Zell Miller Scholarship,About one-quarter to one-half (26–50%),Most or nearly all (76–99%),No,"Yes, a sorority",2,Declared (I've officially declared my major(s)),Single major,Animal Biosciences - BS,,CAES,,5,15,0515,No,None of these,1,Transportation,N/A,No preference,5,No,Same day
2026-09-21 18:48:37.866,,19,Female,"Asian, White",2nd Year,Out-of-state,No,2029,"Not currently employed, but not looking for a job",Fraternity or sorority house,I am not receiving financial aid,None (0%),All (100%),No,"Yes, a sorority",4 or more,Intended (I've chosen my major(s) but haven't officially declared yet),Single major,Management - BBA,,Terry,,82,6,8206,No,None of these,2,"Housing/Lease Disputes, Employment Issues",N/A,In-person on campus,3,No,More than a week
2026-09-21 18:49:39.451,,19,Female,White,1st Year,Out-of-state,No,2030 or later,"Not currently employed, but not looking for a job",On-campus residence hall or university housing,I am not receiving financial aid,None (0%),More than half (51–75%),No,"Yes, a sorority",2,Intended (I've chosen my major(s) but haven't officially declared yet),Single major,Biochemical Engineering - BSBCHE,,Engineering,,89,20,8920,No,None of these,3,Housing/Lease Disputes,No,In-person on campus,4,No,About a week
2026-09-21 18:57:17.711,,19,Female,White,2nd Year,In-state,No,2029,"Not currently employed, but looking for a job",Fraternity or sorority house,HOPE or Zell Miller Scholarship,Most or nearly all (76–99%),Most or nearly all (76–99%),No,"Yes, a sorority",2,Intended (I've chosen my major(s) but haven't officially declared yet),Single major,Health Promotion - BSHP,,Public Health,,57,2,5702,No,Housing/lease disputes,2,Housing/Lease Disputes,No,No preference,3,No,1-3 days
2026-09-21 21:13:18.143,,19,Female,White,2nd Year,Out-of-state,No,2029,"Not currently employed, but not looking for a job",Fraternity or sorority house,"I am not receiving financial aid, Classic Scholarship, National Merit Scholarship",About one-quarter to one-half (26–50%),All (100%),Yes,"Yes, a sorority",4 or more,Intended (I've chosen my major(s) but haven't officially declared yet),Double major (or Co-Major),Accounting - BBA,Psychology - BS,Terry,Franklin,58,2,5802,"Yes, I have",Minor in Possession of Alcohol,2,"Housing/Lease Disputes, Academic Disputes, Consumer/Contract Issues",No,Phone consultation,2,No,About a week
2026-09-22 10:48:13.567,,19,Female,White,2nd Year,In-state,No,2029,"Not currently employed, but not looking for a job",Fraternity or sorority house,HOPE or Zell Miller Scholarship,Not sure,Not sure,No,"Yes, a sorority",3,Intended (I've chosen my major(s) but haven't officially declared yet),Double major (or Co-Major),Real Estate - BBA,Finance - BBA,Terry,Terry,39,2,3902,"Yes, someone I know has","Housing/lease disputes, Employment issues, Academic disputes",2,"Housing/Lease Disputes, Employment Issues, Academic Disputes, Consumer/Contract Issues",No,Phone consultation,3,No,1-3 days
2026-09-22 11:09:28.706,,18,Female,White,1st Year,In-state,No,2030 or later,"Not currently employed, but not looking for a job",On-campus residence hall or university housing,Student loans,All (100%),A small portion (1–25%),No,"Yes, a sorority",3,Intended (I've chosen my major(s) but haven't officially declared yet),Single major,Management - BBA,,Terry,,88,10,8810,"Yes, someone I know has",None of these,4,"Employment Issues, Consumer/Contract Issues",No,Virtual (video call),3,No,1-3 days
2026-09-22 11:10:46.826,,18,Female,White,1st Year,Out-of-state,No,2030 or later,"Not currently employed, but not looking for a job",On-campus residence hall or university housing,Not sure,A small portion (1–25%),All (100%),No,"Yes, a sorority",2,Declared (I've officially declared my major(s)),Single major,Genetics - BS,,Franklin,,87,9,8709,No,None of these,4,"Housing/Lease Disputes, Transportation",No,In-person on campus,3,No,No strong preference
2026-09-22 11:32:49.562,,18,Male,Asian,1st Year,In-state,No,2030 or later,"Not currently employed, but looking for a job",On-campus residence hall or university housing,HOPE or Zell Miller Scholarship,All (100%),None (0%),No,No,None,Intended (I've chosen my major(s) but haven't officially declared yet),Single major,Mechanical Engineering - BSME,,Engineering,,83,10,8310,No,"Immigration questions, None of these",4,"Immigration Questions, Academic Disputes, Consumer/Contract Issues",Yes,No preference,3,"Yes, but I have not used them",1-3 days
2026-09-22 11:33:16.459,,18,Male,White,1st Year,In-state,No,2030 or later,"Not currently employed, but not looking for a job",On-campus residence hall or university housing,HOPE or Zell Miller Scholarship,More than half (51–75%),About one-quarter to one-half (26–50%),Yes,No,2,Intended (I've chosen my major(s) but haven't officially declared yet),Single major,Physics - BS,,Franklin,,96,8,9608,No,None of these,3,"Academic Disputes, Consumer/Contract Issues",N/A,No preference,3,No,No strong preference
2026-09-22 11:33:32.371,,18,Male,White,1st Year,In-state,No,2030 or later,"Not currently employed, but not looking for a job",On-campus residence hall or university housing,"HOPE or Zell Miller Scholarship, VA",About one-quarter to one-half (26–50%),A small portion (1–25%),No,No,2,Intended (I've chosen my major(s) but haven't officially declared yet),Single major,Mechanical Engineering - BSME,,Engineering,,73,2,7302,No,None of these,1,"Academic Disputes, Transportation",No,No preference,2,No,About a week
2026-09-22 11:34:00.687,,20,Male,White,2nd Year,Out-of-state,Yes,2029,"Not currently employed, but looking for a job",On-campus residence hall or university housing,I am not receiving financial aid,None (0%),More than half (51–75%),No,No,None,Intended (I've chosen my major(s) but haven't officially declared yet),Single major,Electrical and Electronics Engineering - BSEE,,Engineering,,81,14,8114,No,None of these,2,"Housing/Lease Disputes, Academic Disputes",No,In-person on campus,4,"Yes, but I have not used them",About a week
2026-09-22 11:36:58.474,,23,Male,Asian,3rd Year,International,No,2027,"Not currently employed, but not looking for a job",Off-campus apartment or house,I am not receiving financial aid,None (0%),All (100%),No,No,None,Declared (I've officially declared my major(s)),Single major,Statistics - BS,,Franklin,,11,7,1107,"Yes, someone I know has",Housing/lease disputes,3,Housing/Lease Disputes,Yes,No preference,4,"Yes, but I have not used them",About a week
2026-09-22 11:37:31.786,,19,Male,White,1st Year,In-state,No,2030 or later,"Not currently employed, but looking for a job",On-campus residence hall or university housing,"HOPE or Zell Miller Scholarship, Federal work-study",Most or nearly all (76–99%),A small portion (1–25%),No,No,2,Intended (I've chosen my major(s) but haven't officially declared yet),Single major,Mechanical Engineering - BSME,,Engineering,,96,22,9622,No,None of these,1,Academic Disputes,No,Phone consultation,4,No,About a week
2026-09-22 18:14:07.643,,18,Male,Asian,1st Year,In-state,No,2030 or later,Employed part-time,On-campus residence hall or university housing,HOPE or Zell Miller Scholarship,More than half (51–75%),Most or nearly all (76–99%),No,No,2,Intended (I've chosen my major(s) but haven't officially declared yet),Single major,Mechanical Engineering - BSME,,Engineering,,78,20,7820,No,None of these,3,Housing/Lease Disputes,No,No preference,3,No,About a week
2026-09-22 18:18:48.239,,21,Male,,4th Year,In-state,Yes,2027,"Not currently employed, but looking for a job",Off-campus apartment or house,HOPE or Zell Miller Scholarship,Most or nearly all (76–99%),About one-quarter to one-half (26–50%),No,No,1,Declared (I've officially declared my major(s)),Single major,Management Information Systems - BBA,,Terry,,24,10,2410,No,None of these,3,Transportation,No,Virtual (video call),3,No,Same day
2026-09-22 18:18:56.557,,19,Female,Asian,2nd Year,In-state,No,2029,"Not currently employed, but not looking for a job",Off-campus apartment or house,HOPE or Zell Miller Scholarship,More than half (51–75%),,No,No,1,Declared (I've officially declared my major(s)),Single major,Biology - BS,,Franklin,,76,3,7603,No,"Housing/lease disputes, Employment issues, Academic disputes",4,"Housing/Lease Disputes, Immigration Questions, Academic Disputes",No,In-person on campus,2,No,More than a week
2026-09-22 18:20:16.290,,18,Male,White,1st Year,In-state,No,2030 or later,"Not currently employed, but not looking for a job",On-campus residence hall or university housing,HOPE or Zell Miller Scholarship,Not sure,Not sure,No,No,2,Undeclared (I haven't chosen a major yet),,,,,,88,15,8815,No,None of these,2,Transportation,No,No preference,3,"Yes, but I have not used them",1-3 days
2026-09-22 18:23:09.679,,21,Male,White,3rd Year,In-state,Yes,2028,Employed part-time,"With a parent, guardian, or other family member",HOPE or Zell Miller Scholarship,Most or nearly all (76–99%),All (100%),No,No,1,Intended (I've chosen my major(s) but haven't officially declared yet),Single major,Risk Management and Insurance - BBA,,Terry,,90,2,9002,No,"None of these, ",3,"Housing/Lease Disputes, ",No,In-person on campus,3,No,More than a week
2026-09-22 18:23:20.530,,19,Male,White,2nd Year,In-state,No,2029,"Not currently employed, but not looking for a job",Off-campus apartment or house,HOPE or Zell Miller Scholarship,Most or nearly all (76–99%),All (100%),No,"Yes, a fraternity",3,Declared (I've officially declared my major(s)),Double major (or Co-Major),Economics - AB,Political Science - AB,Terry,SPIA,0,11,0011,"Yes, someone I know has",None of these,3,Transportation,No,No preference,3,No,1-3 days
2026-09-22 18:25:24.033,,21,Male,White,4th Year,In-state,Yes,2027,Employed part-time,Off-campus apartment or house,HOPE or Zell Miller Scholarship,A small portion (1–25%),A small portion (1–25%),No,No,1,Declared (I've officially declared my major(s)),Single major,Geography - BS,,Franklin,,59,11,5911,No,None of these,2,Consumer/Contract Issues,Yes,In-person on campus,3,"Yes, and I've used them",1-3 days
2026-09-22 18:26:37.592,,21,Female,White,4th Year,In-state,No,2027,"Not currently employed, but looking for a job",Off-campus apartment or house,HOPE or Zell Miller Scholarship,Most or nearly all (76–99%),Most or nearly all (76–99%),Yes,No,4 or more,Declared (I've officially declared my major(s)),Single major,Landscape Architecture - BLA,,CED,,79,11,7911,No,None of these,2,Transportation,No,No preference,4,No,1-3 days
2026-09-22 18:26:50.426,,21,Female,White,3rd Year,In-state,Yes,2028,"Not currently employed, but not looking for a job",Off-campus apartment or house,HOPE or Zell Miller Scholarship,Most or nearly all (76–99%),All (100%),No,No,2,Declared (I've officially declared my major(s)),Single major,Landscape Architecture - BLA,,CED,,91,15,9115,No,None of these,1,Transportation,No,No preference,4,No,About a week
2026-09-22 18:27:10.292,,18,Female,Prefer not to answer,2nd Year,In-state,No,2029,Employed part-time,On-campus residence hall or university housing,"HOPE or Zell Miller Scholarship, Student loans",More than half (51–75%),Not sure,No,No,1,Declared (I've officially declared my major(s)),Single major,Landscape Architecture - BLA,,CED,,92,22,9222,No,None of these,2,"Housing/Lease Disputes, Employment Issues",No,No preference,2,No,1-3 days
2026-09-22 18:27:40.001,,19,Male,White,2nd Year,In-state,No,2029,"Not currently employed, but not looking for a job",Off-campus apartment or house,"HOPE or Zell Miller Scholarship, Student loans",Most or nearly all (76–99%),A small portion (1–25%),No,No,1,Declared (I've officially declared my major(s)),Single major,History - AB,,Franklin,,98,3,9803,No,None of these,1,"Housing/Lease Disputes, Employment Issues, Academic Disputes",No,No preference,5,No,About a week
2026-09-22 18:27:47.336,,19,Male,White,1st Year,In-state,No,2029,"Not currently employed, but not looking for a job",On-campus residence hall or university housing,HOPE or Zell Miller Scholarship,About one-quarter to one-half (26–50%),About one-quarter to one-half (26–50%),Yes,No,4 or more,Intended (I've chosen my major(s) but haven't officially declared yet),Single major,Risk Management and Insurance - BBA,,Terry,,20,26,2026,No,None of these,4,"Housing/Lease Disputes, Academic Disputes",No,In-person on campus,3,No,About a week
2026-09-22 18:29:05.535,,33,Male,Asian,5th Year & Beyond,International,No,2029,Employed full-time,Off-campus apartment or house,Prefer not to answer,More than half (51–75%),About one-quarter to one-half (26–50%),No,No,None,Intended (I've chosen my major(s) but haven't officially declared yet),Single major,,,,,88,7,8807,No,None of these,1,"Employment Issues, Immigration Questions",No,No preference,2,No,No strong preference
2026-09-22 18:29:18.263,,19,Male,White,2nd Year,In-state,Yes,2029,"Not currently employed, but looking for a job",Off-campus apartment or house,HOPE or Zell Miller Scholarship,About one-quarter to one-half (26–50%),Most or nearly all (76–99%),No,No,1,Intended (I've chosen my major(s) but haven't officially declared yet),Single major,Economics - BBA,,Terry,,86,1,8601,No,None of these,2,Housing/Lease Disputes,No,Virtual (video call),3,"Yes, but I have not used them",About a week
2026-09-22 18:29:49.996,,20,Male,Italian,2nd Year,In-state,No,2029,Employed part-time,Off-campus apartment or house,"HOPE or Zell Miller Scholarship, Not sure",All (100%),Not sure,No,No,4 or more,Intended (I've chosen my major(s) but haven't officially declared yet),Double major (or Co-Major),Management - BBA,International Business - Co-Major,Terry,Terry,70,5,7005,Not Sure,"Housing/lease disputes, Employment issues, Academic disputes",3,"Housing/Lease Disputes, Consumer/Contract Issues",N/A,No preference,3,"Yes, but I have not used them",No strong preference
2026-09-22 18:30:32.931,,19,Male,Asian,1st Year,In-state,No,2030 or later,"Not currently employed, but not looking for a job",On-campus residence hall or university housing,HOPE or Zell Miller Scholarship,Most or nearly all (76–99%),None (0%),No,No,2,Intended (I've chosen my major(s) but haven't officially declared yet),Single major,Mechanical Engineering - BSME,,Engineering,,40,20,4020,No,None of these,4,"Academic Disputes, Consumer/Contract Issues, Transportation",No,Phone consultation,4,"Yes, but I have not used them",About a week
2026-09-22 18:31:26.500,,20,Male,White,3rd Year,In-state,Yes,2028,Employed part-time,Off-campus apartment or house,HOPE or Zell Miller Scholarship,Most or nearly all (76–99%),Most or nearly all (76–99%),No,No,2,Declared (I've officially declared my major(s)),Single major,Exercise and Sport Science - BS,,Education,,41,5,4105,Not Sure,None of these,5,Housing/Lease Disputes,N/A,No preference,4,No,More than a week
2026-09-22 18:31:43.447,,21,Male,White,4th Year,Out-of-state,Yes,2027,Employed part-time,Off-campus apartment or house,I am not receiving financial aid,None (0%),Most or nearly all (76–99%),No,No,3,Declared (I've officially declared my major(s)),Single major,Real Estate - BBA,,Terry,,79,21,7921,No,None of these,1,Housing/Lease Disputes,No,No preference,3,No,Same day
2026-09-23 08:15:59.754,,20,Male,White,3rd Year,In-state,No,2028,Employed part-time,Off-campus apartment or house,HOPE or Zell Miller Scholarship,About one-quarter to one-half (26–50%),About one-quarter to one-half (26–50%),No,No,3,Declared (I've officially declared my major(s)),Double major (or Co-Major),Arabic - AB,International Affairs - AB,Franklin,SPIA,14,2,1402,No,None of these,1,Housing/Lease Disputes,No,In-person on campus,5,"Yes, but I have not used them",About a week
2026-09-23 08:16:03.704,,21,Male,White,4th Year,In-state,Yes,2027,"Not currently employed, but not looking for a job",Off-campus apartment or house,HOPE or Zell Miller Scholarship,Not sure,Most or nearly all (76–99%),No,No,2,Declared (I've officially declared my major(s)),Single major,International Affairs - AB,,SPIA,,75,22,7522,Not Sure,None of these,2,None,No,In-person on campus,2,No,About a week
2026-09-23 09:39:58.890,,21,Female,White,4th Year,In-state,No,2027,Employed part-time,Off-campus apartment or house,HOPE or Zell Miller Scholarship,A small portion (1–25%),Most or nearly all (76–99%),Yes,No,4 or more,Declared (I've officially declared my major(s)),Double major (or Co-Major),International Affairs - AB,Spanish - AB,SPIA,Franklin,52,26,5226,No,None of these,5,Idk,N/A,Virtual (video call),5,"Yes, but I have not used them",No strong preference
2026-09-23 09:51:29.127,,20,Female,Hispanic,3rd Year,In-state,Yes,2028,Employed part-time,Off-campus apartment or house,HOPE or Zell Miller Scholarship,About one-quarter to one-half (26–50%),A small portion (1–25%),No,No,3,Declared (I've officially declared my major(s)),Double major (or Co-Major),International Affairs - AB,French - AB,SPIA,Franklin,25,6,2506,"Yes, I have","Housing/lease disputes, Immigration questions",3,"Housing/Lease Disputes, Employment Issues, Immigration Questions",N/A,In-person on campus,3,"Yes, and I've used them",About a week
