timestamp,recruiter,age,gender,race,year,residency,transfer,grad,job,housing,aid,grants,family,honors,greek,orgs,declared,majors,major1,major2,college1,college2,phone,bday,code,visits,meals,gameday,diet,restrict,satdiet,variety,improve,hall,hours,location,pastplan,plan,leftover,donneed,donout,donany,receive,paw
2026-09-16 12:03:00.699,,19,Female,White,2nd Year,Out-of-state,No,2029,"Not currently employed, but not looking for a job",Fraternity or sorority house,I am not receiving financial aid,None (0%),All (100%),No,"Yes, a sorority",3,Intended (I've chosen my major(s) but haven't officially declared yet),Single major,Management - BBA,,Terry,,16,10,1610,Never,,,,,,,,,,,,,,,,,Yes,Yes
2026-09-16 12:03:11.909,,20,Female,White,2nd Year,In-state,No,2029,"Not currently employed, but not looking for a job",Fraternity or sorority house,HOPE or Zell Miller Scholarship,Most or nearly all (76–99%),,,,,Declared (I've officially declared my major(s)),Single major,Advertising - AB,,Grady,,59,7,5907,Never,,,,,,,,,,,,,,,,,Maybe,No- I don't want to
2026-09-16 12:03:12.303,,20,Female,White,2nd Year,In-state,No,2029,"Not currently employed, but not looking for a job",Fraternity or sorority house,HOPE or Zell Miller Scholarship,None (0%),All (100%),Yes,"Yes, a fraternity",3,Intended (I've chosen my major(s) but haven't officially declared yet),Single major,Finance - BBA,,Terry,,11,6,1106,Never,,,,,,,,,,,,,,,,,No- I don't like the dining halls,No- I don't have paw points
2026-09-16 12:03:16.415,,19,Female,White,2nd Year,Out-of-state,Yes,2029,Employed part-time,Off-campus apartment or house,Student loans,None (0%),None (0%),No,"Yes, a sorority",3,Declared (I've officially declared my major(s)),Single major,Accounting - BBA,,Terry,,45,10,4510,Never,,,,,,,,,,,,,,,,,No- other reason,No- I don't want to
2026-09-16 12:03:21.986,,20,Female,White,2nd Year,Out-of-state,No,2029,"Not currently employed, but not looking for a job",Fraternity or sorority house,I am not receiving financial aid,None (0%),All (100%),Yes,"Yes, a sorority",3,Intended (I've chosen my major(s) but haven't officially declared yet),Single major,Accounting - BBA,,Terry,,2,7,0207,Never,,,,,,,,,,,,,,,,,No- other reason,No- I don't want to
2026-09-16 12:03:28.215,,19,Female,White,2nd Year,In-state,No,2029,"Not currently employed, but looking for a job",Fraternity or sorority house,HOPE or Zell Miller Scholarship,More than half (51–75%),All (100%),No,"Yes, a sorority",2,Intended (I've chosen my major(s) but haven't officially declared yet),Double major (or Co-Major),Real Estate - BBA,Marketing - BBA,Terry,Terry,62,9,6209,Never,,,,,,,,,,,,,,,,,Yes,No- I don't have paw points
2026-09-16 12:03:36.065,,19,Female,White,2nd Year,In-state,No,2029,"Not currently employed, but looking for a job",Fraternity or sorority house,Presidential waver,More than half (51–75%),About one-quarter to one-half (26–50%),No,"Yes, a sorority",3,Intended (I've chosen my major(s) but haven't officially declared yet),Double major (or Co-Major),International Affairs - AB,Risk Management and Insurance - BBA,SPIA,Terry,19,1,1901,Never,,,,,,,,,,,,,,,,,Yes,Yes
2026-09-16 12:03:39.599,,18,Female,White,2nd Year,In-state,No,2029,"Not currently employed, but not looking for a job",Fraternity or sorority house,HOPE or Zell Miller Scholarship,About one-quarter to one-half (26–50%),All (100%),No,"Yes, a sorority",2,Intended (I've chosen my major(s) but haven't officially declared yet),Single major,Finance - BBA,,Terry,,6,26,0626,Never,,,,,,,,,,,,,,,,,Yes,No- I don't have paw points
2026-09-16 12:03:45.706,,19,Female,White,2nd Year,In-state,No,2029,"Not currently employed, but not looking for a job",Off-campus apartment or house,HOPE or Zell Miller Scholarship,Most or nearly all (76–99%),A small portion (1–25%),No,No,2,Intended (I've chosen my major(s) but haven't officially declared yet),Single major,Economics - BBA,,Terry,,81,9,8109,Never,,,,,,,,,,,,,,,,,No- other reason,No- I don't have paw points
2026-09-16 12:03:48.124,,19,Female,White,2nd Year,In-state,No,2029,Employed part-time,Fraternity or sorority house,HOPE or Zell Miller Scholarship,Most or nearly all (76–99%),All (100%),No,"Yes, a sorority",3,Intended (I've chosen my major(s) but haven't officially declared yet),Double major (or Co-Major),Economics - BBA,International Business - Co-Major,Terry,Terry,65,14,6514,Never,,,,,,,,,,,,,,,,,Yes,Yes
2026-09-16 12:04:00.353,,19,Female,White,2nd Year,In-state,No,2029,Employed part-time,Off-campus apartment or house,"HOPE or Zell Miller Scholarship, Student loans",More than half (51–75%),More than half (51–75%),Yes,No,3,Intended (I've chosen my major(s) but haven't officially declared yet),Single major,Accounting - BBA,,Terry,,57,24,5724,3-6 times a week,"Lunch, Dinner",1,No,,,,,Joe Frank,1,1,Yes,,20,Yes,Yes,Yes,Yes,Maybe
2026-09-16 12:04:06.422,,19,Female,White,2nd Year,In-state,No,2029,Employed part-time,Off-campus apartment or house,"HOPE or Zell Miller Scholarship, Student loans",More than half (51–75%),Most or nearly all (76–99%),No,No,2,Intended (I've chosen my major(s) but haven't officially declared yet),Single major,Marketing - BBA,,Terry,,42,9,4209,Never,,,,,,,,,,,,,,,,,Maybe,No- I don't have paw points
2026-09-16 12:04:13.730,,19,Male,White,2nd Year,In-state,No,2029,Employed part-time,Off-campus apartment or house,"HOPE or Zell Miller Scholarship, Student loans",Most or nearly all (76–99%),A small portion (1–25%),No,No,2,Intended (I've chosen my major(s) but haven't officially declared yet),Single major,Marketing - BBA,,Terry,,91,5,9105,Everyday,Lunch,3,No,,,,,Snelling,4,4,No,Yes,,Yes,Yes,Yes,Yes,Yes
2026-09-16 12:04:17.447,,19,Female,White,2nd Year,In-state,No,2029,"Not currently employed, but not looking for a job",Fraternity or sorority house,HOPE or Zell Miller Scholarship,Most or nearly all (76–99%),A small portion (1–25%),No,"Yes, a sorority",1,Intended (I've chosen my major(s) but haven't officially declared yet),Single major,Finance - BBA,,Terry,,55,20,5520,Never,,,,,,,,,,,,,,,,,Yes,Yes
2026-09-16 12:04:21.573,,20,Female,White,3rd Year,In-state,No,2028,"Not currently employed, but looking for a job",Off-campus apartment or house,HOPE or Zell Miller Scholarship,Not sure,About one-quarter to one-half (26–50%),No,No,3,Intended (I've chosen my major(s) but haven't officially declared yet),Single major,Management Information Systems - BBA,,Terry,,81,10,8110,Never,,,,,,,,,,,,,,,,,Yes,No- I don't want to
2026-09-16 12:04:32.095,,19,Female,White,2nd Year,Out-of-state,No,2029,Employed part-time,Fraternity or sorority house,I am not receiving financial aid,None (0%),Most or nearly all (76–99%),Yes,"Yes, a sorority",4 or more,Intended (I've chosen my major(s) but haven't officially declared yet),Single major,Finance - BBA,,Terry,,98,8,9808,Never,,,,,,,,,,,,,,,,,Yes,Yes
2026-09-16 12:04:33.196,,19,Female,White,2nd Year,Out-of-state,No,2029,"Not currently employed, but not looking for a job",Fraternity or sorority house,I am not receiving financial aid,None (0%),All (100%),No,"Yes, a sorority",1,Intended (I've chosen my major(s) but haven't officially declared yet),Double major (or Co-Major),Consumer Economics - BSFCS,English - AB,FACS,Franklin,70,2,7002,Never,,,,,,,,,,,,,,,,,Yes,No- I don't want to
2026-09-16 12:05:10.691,,20,Female,White,3rd Year,In-state,No,2028,"Not currently employed, but not looking for a job",Off-campus apartment or house,HOPE or Zell Miller Scholarship,Not sure,More than half (51–75%),No,"Yes, a sorority",3,Intended (I've chosen my major(s) but haven't officially declared yet),Single major,Marketing - BBA,,Terry,,95,2,9502,Every once in a while,None,2,No,,,,,O House,2,2,Yes,,Na,Yes,Yes,Yes,No- I don't like the dining halls,No- I don't want to
2026-09-16 12:05:28.285,,19,Female,White,2nd Year,Out-of-state,No,2029,Employed part-time,Fraternity or sorority house,Classic out of state scholarship,A small portion (1–25%),All (100%),No,"Yes, a sorority",4 or more,Intended (I've chosen my major(s) but haven't officially declared yet),Single major,Finance - BBA,,Terry,,72,3,7203,Never,,,,,,,,,,,,,,,,,No- other reason,No- I don't have paw points
2026-09-16 12:05:35.105,,19,Male,White,2nd Year,In-state,No,2029,"Not currently employed, but not looking for a job",Off-campus apartment or house,HOPE or Zell Miller Scholarship,Most or nearly all (76–99%),All (100%),No,Prefer not to answer,2,Intended (I've chosen my major(s) but haven't officially declared yet),Single major,Finance - BBA,,Terry,,99,17,9917,3-6 times a week,Lunch,3,No,,,,,Bolton,3,3,Yes,,Na,No,No,No,No- other reason,No- I don't want to
2026-09-16 12:05:36.817,,19,Male,White,2nd Year,In-state,Yes,2029,"Not currently employed, but not looking for a job",On-campus residence hall or university housing,HOPE or Zell Miller Scholarship,More than half (51–75%),More than half (51–75%),No,"Yes, a fraternity",2,Intended (I've chosen my major(s) but haven't officially declared yet),Single major,Finance - BBA,,Terry,,77,6,7706,Everyday,"Breakfast, Lunch",4,No,,,,,The Niche,3,3,No,No,,,,,No- I don't like the dining halls,No- I don't want to
2026-09-16 12:06:02.561,,19,Female,White,2nd Year,In-state,No,2029,Employed part-time,Off-campus apartment or house,HOPE or Zell Miller Scholarship,Most or nearly all (76–99%),All (100%),Yes,No,2,Declared (I've officially declared my major(s)),Double major (or Co-Major),Economics - BBA,Political Science - AB,Terry,SPIA,76,4,7604,Every once in a while,"Lunch, Dinner",3,No,,,,,Bolton,2,3,Yes,,75,Yes,Yes,Yes,No- other reason,Maybe
2026-09-16 12:07:03.873,,19,Male,White,2nd Year,Out-of-state,No,2029,"Not currently employed, but looking for a job",Fraternity or sorority house,I am not receiving financial aid,None (0%),All (100%),No,"Yes, a fraternity",4 or more,Intended (I've chosen my major(s) but haven't officially declared yet),Double major (or Co-Major),Finance - BBA,Risk Management and Insurance - BBA,Terry,Terry,94,28,9428,3-6 times a week,"Lunch, Dinner",5,Yes,Citrus Foods,2,2,Add a description of ingredients and recipes so people like me can identify what they can and cannot eat,Hillside,5,5,No,Yes,,Yes,No,No,Maybe,No- I don't want to
2026-09-16 16:25:12.863,,19,Male,Prefer not to answer,2nd Year,Out-of-state,No,2029,Employed part-time,Off-campus apartment or house,I am not receiving financial aid,None (0%),All (100%),Yes,"Yes, a fraternity",3,Declared (I've officially declared my major(s)),Double major (or Co-Major),Finance - BBA,Management Information Systems - BBA,Terry,Terry,25,7,2507,Everyday,"Lunch, Dinner",4,No,,,,,Bolton,2,3,Yes,,7000,Yes,Yes,Yes,Yes,No- I don't want to
2026-09-22 13:19:44.719,,19,Female,White,2nd Year,Out-of-state,No,2029,"Not currently employed, but not looking for a job",Fraternity or sorority house,I am not receiving financial aid,None (0%),All (100%),No,"Yes, a sorority",2,Declared (I've officially declared my major(s)),Single major,Neuroscience - BS,,Franklin,,14,11,1411,Never,,,,,,,,,,,,,,,,,No- I don't like the dining halls,Yes
2026-09-22 13:19:58.428,,18,Female,White,1st Year,In-state,No,2030 or later,"Not currently employed, but not looking for a job",On-campus residence hall or university housing,HOPE or Zell Miller Scholarship,Most or nearly all (76–99%),Most or nearly all (76–99%),Yes,"Yes, a sorority",2,Intended (I've chosen my major(s) but haven't officially declared yet),Single major,Political Science - AB,,SPIA,,3,24,0324,Everyday,"Breakfast, Lunch, Dinner",1,No,,,,,Bolton,2,4,No,No,,,,,No- I have an unlimited meal plan already,Maybe
2026-09-22 13:20:33.987,,18,Male,Asian,1st Year,Out-of-state,No,2030 or later,"Not currently employed, but not looking for a job",On-campus residence hall or university housing,Presidential Leader Scholarship,More than half (51–75%),About one-quarter to one-half (26–50%),Yes,"Yes, a fraternity",2,Declared (I've officially declared my major(s)),Single major,Biological Science - BSA,,CAES,,61,25,6125,Everyday,"Breakfast, Lunch, Dinner",1,No,,,,,Hillside,2,2,No,Yes,,Yes,Yes,Yes,No- I have an unlimited meal plan already,No- I don't have paw points
2026-09-22 13:20:48.066,,18,Male,White,1st Year,Out-of-state,No,2030 or later,"Not currently employed, but not looking for a job",On-campus residence hall or university housing,Academic scholarship,About one-quarter to one-half (26–50%),All (100%),Yes,"Yes, a fraternity",4 or more,Intended (I've chosen my major(s) but haven't officially declared yet),Double major (or Co-Major),Finance - BBA,Accounting - BBA,Terry,Terry,28,12,2812,Everyday,"Breakfast, Lunch, Dinner",2,No,,,,,Bolton,3,5,No,Yes,,Yes,No,No,No- I have an unlimited meal plan already,No- I don't want to
2026-09-22 13:20:58.910,,20,Female,White,3rd Year,In-state,No,2028,Employed part-time,Off-campus apartment or house,HOPE or Zell Miller Scholarship,All (100%),A small portion (1–25%),Yes,"Yes, a sorority",4 or more,Declared (I've officially declared my major(s)),Double major (or Co-Major),International Affairs - AB,Political Science - BS,SPIA,SPIA,0,1,0001,3-6 times a week,"Lunch, Dinner",5,No,,,,,Bolton,5,5,Yes,,15,Yes,Yes,Yes,Yes,Yes
2026-09-22 13:21:18.225,,18,Female,Asian,1st Year,In-state,No,2030 or later,Employed part-time,On-campus residence hall or university housing,HOPE or Zell Miller Scholarship,Prefer not to answer,Prefer not to answer,Yes,No,2,Intended (I've chosen my major(s) but haven't officially declared yet),Single major,Environmental Health - BSEH,,Public Health,,17,10,1710,Everyday,Dinner,3,No,,,,,Bolton,2,4,No,No,,,,,No- I have an unlimited meal plan already,No- I don't have paw points
2026-09-22 13:21:36.542,,18,Male,White,1st Year,In-state,No,2030 or later,"Not currently employed, but not looking for a job",On-campus residence hall or university housing,HOPE or Zell Miller Scholarship,Most or nearly all (76–99%),None (0%),Yes,No,2,Declared (I've officially declared my major(s)),Double major (or Co-Major),Political Science - AB,Agricultural and Applied Economics - BSA,SPIA,CAES,27,29,2729,3-6 times a week,"Lunch, Dinner",5,No,,,,,Joe Frank,5,5,No,No,,,,,Maybe,No- I don't have paw points
2026-09-22 13:21:41.415,,18,Female,Asian,1st Year,In-state,No,2030 or later,"Not currently employed, but looking for a job",On-campus residence hall or university housing,HOPE or Zell Miller Scholarship,Most or nearly all (76–99%),A small portion (1–25%),Yes,No,3,Declared (I've officially declared my major(s)),Single major,Regenerative Bioscience - BS,,CAES,,58,29,5829,Everyday,"Breakfast, Lunch, Dinner",4,No,,,,,Bolton,4,3,No,Yes,,Yes,Yes,Yes,No- I have an unlimited meal plan already,Maybe
2026-09-22 13:21:47.756,,19,Female,White,2nd Year,Out-of-state,No,2029,Employed part-time,Off-campus apartment or house,Student loans,None (0%),All (100%),No,No,2,Declared (I've officially declared my major(s)),Double major (or Co-Major),Financial Planning - BSFCS,Consumer Economics - BSFCS,FACS,FACS,89,1,8901,Every once in a while,"Lunch, Dinner",3,No,,,,,Joe Frank,4,5,Yes,,N/A,Yes,Yes,Yes,Yes,No- I don't have paw points
2026-09-22 13:25:56.747,,19,Female,White,1st Year,In-state,No,2030 or later,"Not currently employed, but not looking for a job",On-campus residence hall or university housing,HOPE or Zell Miller Scholarship,More than half (51–75%),All (100%),No,"Yes, a sorority",1,Declared (I've officially declared my major(s)),Single major,Furnishings and Interiors - BSFCS,,FACS,,31,13,3113,Everyday,"Lunch, Dinner",3,No,,,,,Bolton,3,4,Yes,,I have unlimited plan,Yes,Yes,Yes,No- I have an unlimited meal plan already,Maybe
2026-09-22 13:32:01.483,,21,Female,White,4th Year,In-state,No,2027,Employed part-time,Off-campus apartment or house,HOPE or Zell Miller Scholarship,Not sure,Not sure,Yes,"Yes, a sorority",4 or more,Declared (I've officially declared my major(s)),Single major,Psychology - BS,,Franklin,,68,10,6810,3-6 times a week,"Breakfast, Lunch",3,Yes,Nut Allergy,3,3,More variety in grains options besides j rice,Joe Frank,2,2,Yes,,0,Yes,Maybe,Maybe,Yes,Maybe
2026-09-22 14:42:39.608,,20,Male,White,2nd Year,In-state,No,2029,"Not currently employed, but not looking for a job",Fraternity or sorority house,"HOPE or Zell Miller Scholarship, Student loans",About one-quarter to one-half (26–50%),More than half (51–75%),Yes,"Yes, a fraternity",4 or more,Declared (I've officially declared my major(s)),Single major,Biomedical Physiology - BS,,Vet Med,,67,30,6730,Everyday,"Breakfast, Lunch, Dinner",2,No,,,,,Joe Frank,3,4,No,No,,,,,No- I have an unlimited meal plan already,No- I don't have paw points
2026-09-24 04:05:23.513,,19,Female,Asian,2nd Year,In-state,No,2029,Employed part-time,Off-campus apartment or house,"HOPE or Zell Miller Scholarship, Merit-based scholarship",Most or nearly all (76–99%),A small portion (1–25%),No,"Yes, a sorority",3,Intended (I've chosen my major(s) but haven't officially declared yet),Single major,Real Estate - BBA,,Terry,,46,4,4604,Every once in a while,None,4,Yes,Peanut Allergy (separate from Nut Allergy),3,4,,Bolton,3,3,No,No,,,,,Yes,No- I don't have paw points
2026-09-24 14:55:37.102,,21,Male,White,4th Year,In-state,No,2027,"Not currently employed, but not looking for a job",Off-campus apartment or house,HOPE or Zell Miller Scholarship,Most or nearly all (76–99%),A small portion (1–25%),Yes,"Yes, a fraternity",1,Declared (I've officially declared my major(s)),Double major (or Co-Major),Biology - BS,Cellular Biology - BS,Franklin,Franklin,66,7,6607,Never,,,,,,,,,,,,,,,,,No- I don't like the dining halls,Maybe
2026-09-24 14:55:45.508,,20,Male,White,3rd Year,In-state,No,2027,Employed part-time,Off-campus apartment or house,"HOPE or Zell Miller Scholarship, Student loans",Most or nearly all (76–99%),A small portion (1–25%),Yes,No,2,Declared (I've officially declared my major(s)),Single major,Computer Science - BS,,Franklin,,34,11,3411,Every once in a while,"Breakfast, Lunch",3,No,,,,,Snelling,3,4,Yes,,N/A,No,No,Yes,No- other reason,No- I don't have paw points
2026-09-24 14:56:00.468,,18,Female,White,1st Year,Out-of-state,No,2030 or later,"Not currently employed, but not looking for a job",On-campus residence hall or university housing,Classic Scholars,A small portion (1–25%),Not sure,Yes,"Yes, a sorority",2,Intended (I've chosen my major(s) but haven't officially declared yet),Single major,Finance - BBA,,Terry,,39,20,3920,3-6 times a week,"Breakfast, Lunch, Dinner",3,No,,,,,Bolton,2,3,No,No,,,,,No- I have an unlimited meal plan already,No- I don't want to
2026-09-24 14:56:40.949,,20,Male,White,3rd Year,Out-of-state,No,2028,"Not currently employed, but not looking for a job",Off-campus apartment or house,Classic scholarship ,About one-quarter to one-half (26–50%),More than half (51–75%),Yes,"Yes, a fraternity",4 or more,Declared (I've officially declared my major(s)),Single major,Biological Science - BSA,,CAES,,31,30,3130,Everyday,Lunch,4,No,,,,,Snelling,2,5,Yes,,0,Yes,Yes,Yes,Yes,No- I don't want to
2026-09-24 14:56:59.192,,18,Female,White,1st Year,In-state,No,2030 or later,"Not currently employed, but not looking for a job",On-campus residence hall or university housing,HOPE or Zell Miller Scholarship,More than half (51–75%),About one-quarter to one-half (26–50%),Yes,No,4 or more,Declared (I've officially declared my major(s)),Double major (or Co-Major),History - AB,French - AB,Franklin,Franklin,9,21,0921,Everyday,"Breakfast, Lunch, Dinner",4,No,,,,,Snelling,2,4,Yes,,NA,Yes,Yes,Yes,No- I have an unlimited meal plan already,Maybe
2026-09-24 14:57:06.595,,18,Female,White,1st Year,Out-of-state,No,2030 or later,"Not currently employed, but not looking for a job",On-campus residence hall or university housing,External scholarship ,Not sure,All (100%),Yes,"Yes, a sorority",2,Declared (I've officially declared my major(s)),Double major (or Co-Major),Political Science - AB,Marketing - BBA,SPIA,Terry,33,20,3320,Everyday,"Lunch, Dinner",3,Yes,Shellfish Allergy,2,3,,Hillside,4,4,No,No,,,,,No- I have an unlimited meal plan already,No- I don't have paw points
2026-09-24 14:57:24.380,,19,Male,White,1st Year,Out-of-state,No,2030 or later,"Not currently employed, but not looking for a job",On-campus residence hall or university housing,I am not receiving financial aid,None (0%),All (100%),Yes,"Yes, a fraternity",1,Intended (I've chosen my major(s) but haven't officially declared yet),Single major,Accounting - BBA,,Terry,,75,8,7508,Everyday,"Lunch, Dinner",4,No,,,,,Bolton,3,3,No,Yes,,Yes,Yes,Yes,No- I have an unlimited meal plan already,Yes
2026-09-24 14:57:53.628,,19,Female,Hispanic,2nd Year,In-state,Yes,2028,"Not currently employed, but not looking for a job",Off-campus apartment or house,"HOPE or Zell Miller Scholarship, Student loans",More than half (51–75%),About one-quarter to one-half (26–50%),Yes,No,None,Declared (I've officially declared my major(s)),Single major,Elementary Education - BSED,,Education,,73,30,7330,3-6 times a week,"Breakfast, Lunch",3,No,,,,,Bolton,2,3,Yes,,NA,Yes,No,No,Yes,Yes
2026-09-24 14:58:15.099,,18,Female,White,1st Year,In-state,No,2030 or later,"Not currently employed, but not looking for a job",On-campus residence hall or university housing,"HOPE or Zell Miller Scholarship, Additional scholarship",More than half (51–75%),All (100%),Yes,No,1,Declared (I've officially declared my major(s)),Double major (or Co-Major),History - AB,Political Science - AB,Franklin,SPIA,82,28,8228,Everyday,"Lunch, Dinner",2,No,,,,,Bolton,3,3,No,No,,,,,No- I have an unlimited meal plan already,Maybe
2026-09-24 15:00:30.201,,18,Male,"Asian, White",1st Year,In-state,No,2030 or later,"Not currently employed, but not looking for a job",On-campus residence hall or university housing,HOPE or Zell Miller Scholarship,About one-quarter to one-half (26–50%),More than half (51–75%),Yes,No,4 or more,Intended (I've chosen my major(s) but haven't officially declared yet),Single major,Journalism - AB,,Grady,,56,28,5628,Everyday,"Breakfast, Lunch, Dinner",4,No,,,,,Bolton,5,5,No,No,,,,,No- I have an unlimited meal plan already,Maybe
